2026-08-25 08:59:43,851 [INFO] Iniciando proceso RPA PeopleSync (headless=True).
2026-08-25 08:59:44,856 [INFO] Dataset cargado: 50 registros.
2026-08-25 08:59:44,856 [INFO] ====== WebDriver manager ======
2026-08-25 08:59:45,583 [INFO] Get LATEST chromedriver version for google-chrome
2026-08-25 08:59:45,623 [INFO] There is no [win64] chromedriver "151.0.7922.138" for browser google-chrome "151.0.7922" in cache
2026-08-25 08:59:45,959 [INFO] There is no [win64] chromedriver "151.0.7922.138" for browser google-chrome "151.0.7922" in cache
2026-08-25 08:59:45,959 [INFO] Get LATEST chromedriver version for google-chrome
2026-08-25 08:59:46,044 [INFO] WebDriver version 151.0.7922.138 selected
2026-08-25 08:59:46,049 [INFO] Modern chrome version https://storage.googleapis.com/chrome-for-testing-public/151.0.7922.138/win64/chromedriver-win64.zip
2026-08-25 08:59:46,050 [INFO] About to download new driver from https://storage.googleapis.com/chrome-for-testing-public/151.0.7922.138/win64/chromedriver-win64.zip
2026-08-25 08:59:46,334 [INFO] Driver downloading response is 200
2026-08-25 08:59:48,729 [INFO] Driver has been saved in cache [C:\Users\USUARIO\.wdm\drivers\chromedriver\win64\151.0.7922.138]
2026-08-25 08:59:50,771 [INFO] Vocabulario del formulario cargado: {'genero': 2, 'area': 10, 'puesto': 19, 'contrato': 6, 'sede': 9, 'modalidad': 3}
2026-08-25 08:59:52,170 [ERROR] Error inesperado procesando el registro 49364231
Traceback (most recent call last):
  File "D:\Universidad\Clases\D-CICLO-X-2026-2\CLASES\Data Science con Python\rpa_runner.py", line 121, in _process_record
    outcome = self._page.submit_and_verify(record.dni)
  File "D:\Universidad\Clases\D-CICLO-X-2026-2\CLASES\Data Science con Python\peoplesync_page.py", line 94, in submit_and_verify
    btn.click()
    ~~~~~~~~~^^
  File "C:\Users\USUARIO\AppData\Local\Programs\Python\Python314\Lib\site-packages\selenium\webdriver\remote\webelement.py", line 114, in click
    self._execute(Command.CLICK_ELEMENT)
    ~~~~~~~~~~~~~^^^^^^^^^^^^^^^^^^^^^^^
  File "C:\Users\USUARIO\AppData\Local\Programs\Python\Python314\Lib\site-packages\selenium\webdriver\remote\webelement.py", line 508, in _execute
    return self._parent.execute(command, params)
           ~~~~~~~~~~~~~~~~~~~~^^^^^^^^^^^^^^^^^
  File "C:\Users\USUARIO\AppData\Local\Programs\Python\Python314\Lib\site-packages\selenium\webdriver\remote\webdriver.py", line 504, in execute
    self.error_handler.check_response(response)
    ~~~~~~~~~~~~~~~~~~~~~~~~~~~~~~~~~^^^^^^^^^^
  File "C:\Users\USUARIO\AppData\Local\Programs\Python\Python314\Lib\site-packages\selenium\webdriver\remote\errorhandler.py", line 232, in check_response
    raise exception_class(message, screen, stacktrace)
selenium.common.exceptions.ElementClickInterceptedException: Message: element click intercepted: Element <button class="btn btn-primary" id="btn-registrar" onclick="registrar()">...</button> is not clickable at point (1751, 911). Other element would receive the click: <div class="status-bar">...</div>
  (Session info: chrome=151.0.7922.174); For documentation on this error, please visit: https://www.selenium.dev/documentation/webdriver/troubleshooting/errors#elementclickinterceptedexception
Stacktrace:
	chromedriver!GetHandleVerifier [0x7ff621b1abb5+151b5]
	chromedriver!GetHandleVerifier [0x7ff621b1ac10+15210]
	chromedriver!(No symbol) [0x7ff621645d6d]
	chromedriver!(No symbol) [0x7ff6216a90c5]
	chromedriver!(No symbol) [0x7ff6216a6cda]
	chromedriver!(No symbol) [0x7ff6216a4017]
	chromedriver!(No symbol) [0x7ff6216a2ec7]
	chromedriver!(No symbol) [0x7ff6216956f8]
	chromedriver!(No symbol) [0x7ff6216c9d0a]
	chromedriver!(No symbol) [0x7ff621694f76]
	chromedriver!(No symbol) [0x7ff6216eec0b]
	chromedriver!(No symbol) [0x7ff6216937cc]
	chromedriver!(No symbol) [0x7ff6216946f3]
	chromedriver!GetHandleVerifier [0x7ff62213b79b+635d9b]
	chromedriver!GetHandleVerifier [0x7ff622135ac6+6300c6]
	chromedriver!GetHandleVerifier [0x7ff62215bcee+6562ee]
	chromedriver!GetHandleVerifier [0x7ff621b38ffe+335fe]
	chromedriver!GetHandleVerifier [0x7ff621b4147c+3ba7c]
	chromedriver!GetHandleVerifier [0x7ff621b24d64+1f364]
	chromedriver!GetHandleVerifier [0x7ff621b24ef4+1f4f4]
	chromedriver!GetHandleVerifier [0x7ff621b07d97+2397]
	KERNEL32!BaseThreadInitThunk [0x7ff97a1f7374+14]
	ntdll!RtlUserThreadStart [0x7ff97ba9cc91+21]

2026-08-25 08:59:53,249 [ERROR] No se pudo limpiar el formulario tras un fallo; se continua de todas formas.
Traceback (most recent call last):
  File "D:\Universidad\Clases\D-CICLO-X-2026-2\CLASES\Data Science con Python\rpa_runner.py", line 121, in _process_record
    outcome = self._page.submit_and_verify(record.dni)
  File "D:\Universidad\Clases\D-CICLO-X-2026-2\CLASES\Data Science con Python\peoplesync_page.py", line 94, in submit_and_verify
    btn.click()
    ~~~~~~~~~^^
  File "C:\Users\USUARIO\AppData\Local\Programs\Python\Python314\Lib\site-packages\selenium\webdriver\remote\webelement.py", line 114, in click
    self._execute(Command.CLICK_ELEMENT)
    ~~~~~~~~~~~~~^^^^^^^^^^^^^^^^^^^^^^^
  File "C:\Users\USUARIO\AppData\Local\Programs\Python\Python314\Lib\site-packages\selenium\webdriver\remote\webelement.py", line 508, in _execute
    return self._parent.execute(command, params)
           ~~~~~~~~~~~~~~~~~~~~^^^^^^^^^^^^^^^^^
  File "C:\Users\USUARIO\AppData\Local\Programs\Python\Python314\Lib\site-packages\selenium\webdriver\remote\webdriver.py", line 504, in execute
    self.error_handler.check_response(response)
    ~~~~~~~~~~~~~~~~~~~~~~~~~~~~~~~~~^^^^^^^^^^
  File "C:\Users\USUARIO\AppData\Local\Programs\Python\Python314\Lib\site-packages\selenium\webdriver\remote\errorhandler.py", line 232, in check_response
    raise exception_class(message, screen, stacktrace)
selenium.common.exceptions.ElementClickInterceptedException: Message: element click intercepted: Element <button class="btn btn-primary" id="btn-registrar" onclick="registrar()">...</button> is not clickable at point (1751, 911). Other element would receive the click: <div class="status-bar">...</div>
  (Session info: chrome=151.0.7922.174); For documentation on this error, please visit: https://www.selenium.dev/documentation/webdriver/troubleshooting/errors#elementclickinterceptedexception
Stacktrace:
	chromedriver!GetHandleVerifier [0x7ff621b1abb5+151b5]
	chromedriver!GetHandleVerifier [0x7ff621b1ac10+15210]
	chromedriver!(No symbol) [0x7ff621645d6d]
	chromedriver!(No symbol) [0x7ff6216a90c5]
	chromedriver!(No symbol) [0x7ff6216a6cda]
	chromedriver!(No symbol) [0x7ff6216a4017]
	chromedriver!(No symbol) [0x7ff6216a2ec7]
	chromedriver!(No symbol) [0x7ff6216956f8]
	chromedriver!(No symbol) [0x7ff6216c9d0a]
	chromedriver!(No symbol) [0x7ff621694f76]
	chromedriver!(No symbol) [0x7ff6216eec0b]
	chromedriver!(No symbol) [0x7ff6216937cc]
	chromedriver!(No symbol) [0x7ff6216946f3]
	chromedriver!GetHandleVerifier [0x7ff62213b79b+635d9b]
	chromedriver!GetHandleVerifier [0x7ff622135ac6+6300c6]
	chromedriver!GetHandleVerifier [0x7ff62215bcee+6562ee]
	chromedriver!GetHandleVerifier [0x7ff621b38ffe+335fe]
	chromedriver!GetHandleVerifier [0x7ff621b4147c+3ba7c]
	chromedriver!GetHandleVerifier [0x7ff621b24d64+1f364]
	chromedriver!GetHandleVerifier [0x7ff621b24ef4+1f4f4]
	chromedriver!GetHandleVerifier [0x7ff621b07d97+2397]
	KERNEL32!BaseThreadInitThunk [0x7ff97a1f7374+14]
	ntdll!RtlUserThreadStart [0x7ff97ba9cc91+21]


During handling of the above exception, another exception occurred:

Traceback (most recent call last):
  File "D:\Universidad\Clases\D-CICLO-X-2026-2\CLASES\Data Science con Python\rpa_runner.py", line 139, in _safe_reset
    self._page.reset_form()
    ~~~~~~~~~~~~~~~~~~~~~^^
  File "D:\Universidad\Clases\D-CICLO-X-2026-2\CLASES\Data Science con Python\peoplesync_page.py", line 145, in reset_form
    btn.click()
    ~~~~~~~~~^^
  File "C:\Users\USUARIO\AppData\Local\Programs\Python\Python314\Lib\site-packages\selenium\webdriver\remote\webelement.py", line 114, in click
    self._execute(Command.CLICK_ELEMENT)
    ~~~~~~~~~~~~~^^^^^^^^^^^^^^^^^^^^^^^
  File "C:\Users\USUARIO\AppData\Local\Programs\Python\Python314\Lib\site-packages\selenium\webdriver\remote\webelement.py", line 508, in _execute
    return self._parent.execute(command, params)
           ~~~~~~~~~~~~~~~~~~~~^^^^^^^^^^^^^^^^^
  File "C:\Users\USUARIO\AppData\Local\Programs\Python\Python314\Lib\site-packages\selenium\webdriver\remote\webdriver.py", line 504, in execute
    self.error_handler.check_response(response)
    ~~~~~~~~~~~~~~~~~~~~~~~~~~~~~~~~~^^^^^^^^^^
  File "C:\Users\USUARIO\AppData\Local\Programs\Python\Python314\Lib\site-packages\selenium\webdriver\remote\errorhandler.py", line 232, in check_response
    raise exception_class(message, screen, stacktrace)
selenium.common.exceptions.ElementClickInterceptedException: Message: element click intercepted: Element <button class="btn btn-secondary" onclick="limpiarFormulario()">...</button> is not clickable at point (1611, 911). Other element would receive the click: <div class="status-bar">...</div>
  (Session info: chrome=151.0.7922.174); For documentation on this error, please visit: https://www.selenium.dev/documentation/webdriver/troubleshooting/errors#elementclickinterceptedexception
Stacktrace:
	chromedriver!GetHandleVerifier [0x7ff621b1abb5+151b5]
	chromedriver!GetHandleVerifier [0x7ff621b1ac10+15210]
	chromedriver!(No symbol) [0x7ff621645d6d]
	chromedriver!(No symbol) [0x7ff6216a90c5]
	chromedriver!(No symbol) [0x7ff6216a6cda]
	chromedriver!(No symbol) [0x7ff6216a4017]
	chromedriver!(No symbol) [0x7ff6216a2ec7]
	chromedriver!(No symbol) [0x7ff6216956f8]
	chromedriver!(No symbol) [0x7ff6216c9d0a]
	chromedriver!(No symbol) [0x7ff621694f76]
	chromedriver!(No symbol) [0x7ff6216eec0b]
	chromedriver!(No symbol) [0x7ff6216937cc]
	chromedriver!(No symbol) [0x7ff6216946f3]
	chromedriver!GetHandleVerifier [0x7ff62213b79b+635d9b]
	chromedriver!GetHandleVerifier [0x7ff622135ac6+6300c6]
	chromedriver!GetHandleVerifier [0x7ff62215bcee+6562ee]
	chromedriver!GetHandleVerifier [0x7ff621b38ffe+335fe]
	chromedriver!GetHandleVerifier [0x7ff621b4147c+3ba7c]
	chromedriver!GetHandleVerifier [0x7ff621b24d64+1f364]
	chromedriver!GetHandleVerifier [0x7ff621b24ef4+1f4f4]
	chromedriver!GetHandleVerifier [0x7ff621b07d97+2397]
	KERNEL32!BaseThreadInitThunk [0x7ff97a1f7374+14]
	ntdll!RtlUserThreadStart [0x7ff97ba9cc91+21]

2026-08-25 08:59:54,615 [ERROR] Error inesperado procesando el registro 53343768
Traceback (most recent call last):
  File "D:\Universidad\Clases\D-CICLO-X-2026-2\CLASES\Data Science con Python\rpa_runner.py", line 121, in _process_record
    outcome = self._page.submit_and_verify(record.dni)
  File "D:\Universidad\Clases\D-CICLO-X-2026-2\CLASES\Data Science con Python\peoplesync_page.py", line 94, in submit_and_verify
    btn.click()
    ~~~~~~~~~^^
  File "C:\Users\USUARIO\AppData\Local\Programs\Python\Python314\Lib\site-packages\selenium\webdriver\remote\webelement.py", line 114, in click
    self._execute(Command.CLICK_ELEMENT)
    ~~~~~~~~~~~~~^^^^^^^^^^^^^^^^^^^^^^^
  File "C:\Users\USUARIO\AppData\Local\Programs\Python\Python314\Lib\site-packages\selenium\webdriver\remote\webelement.py", line 508, in _execute
    return self._parent.execute(command, params)
           ~~~~~~~~~~~~~~~~~~~~^^^^^^^^^^^^^^^^^
  File "C:\Users\USUARIO\AppData\Local\Programs\Python\Python314\Lib\site-packages\selenium\webdriver\remote\webdriver.py", line 504, in execute
    self.error_handler.check_response(response)
    ~~~~~~~~~~~~~~~~~~~~~~~~~~~~~~~~~^^^^^^^^^^
  File "C:\Users\USUARIO\AppData\Local\Programs\Python\Python314\Lib\site-packages\selenium\webdriver\remote\errorhandler.py", line 232, in check_response
    raise exception_class(message, screen, stacktrace)
selenium.common.exceptions.ElementClickInterceptedException: Message: element click intercepted: Element <button class="btn btn-primary" id="btn-registrar" onclick="registrar()">...</button> is not clickable at point (1751, 911). Other element would receive the click: <div class="status-bar">...</div>
  (Session info: chrome=151.0.7922.174); For documentation on this error, please visit: https://www.selenium.dev/documentation/webdriver/troubleshooting/errors#elementclickinterceptedexception
Stacktrace:
	chromedriver!GetHandleVerifier [0x7ff621b1abb5+151b5]
	chromedriver!GetHandleVerifier [0x7ff621b1ac10+15210]
	chromedriver!(No symbol) [0x7ff621645d6d]
	chromedriver!(No symbol) [0x7ff6216a90c5]
	chromedriver!(No symbol) [0x7ff6216a6cda]
	chromedriver!(No symbol) [0x7ff6216a4017]
	chromedriver!(No symbol) [0x7ff6216a2ec7]
	chromedriver!(No symbol) [0x7ff6216956f8]
	chromedriver!(No symbol) [0x7ff6216c9d0a]
	chromedriver!(No symbol) [0x7ff621694f76]
	chromedriver!(No symbol) [0x7ff6216eec0b]
	chromedriver!(No symbol) [0x7ff6216937cc]
	chromedriver!(No symbol) [0x7ff6216946f3]
	chromedriver!GetHandleVerifier [0x7ff62213b79b+635d9b]
	chromedriver!GetHandleVerifier [0x7ff622135ac6+6300c6]
	chromedriver!GetHandleVerifier [0x7ff62215bcee+6562ee]
	chromedriver!GetHandleVerifier [0x7ff621b38ffe+335fe]
	chromedriver!GetHandleVerifier [0x7ff621b4147c+3ba7c]
	chromedriver!GetHandleVerifier [0x7ff621b24d64+1f364]
	chromedriver!GetHandleVerifier [0x7ff621b24ef4+1f4f4]
	chromedriver!GetHandleVerifier [0x7ff621b07d97+2397]
	KERNEL32!BaseThreadInitThunk [0x7ff97a1f7374+14]
	ntdll!RtlUserThreadStart [0x7ff97ba9cc91+21]

2026-08-25 08:59:55,675 [ERROR] No se pudo limpiar el formulario tras un fallo; se continua de todas formas.
Traceback (most recent call last):
  File "D:\Universidad\Clases\D-CICLO-X-2026-2\CLASES\Data Science con Python\rpa_runner.py", line 121, in _process_record
    outcome = self._page.submit_and_verify(record.dni)
  File "D:\Universidad\Clases\D-CICLO-X-2026-2\CLASES\Data Science con Python\peoplesync_page.py", line 94, in submit_and_verify
    btn.click()
    ~~~~~~~~~^^
  File "C:\Users\USUARIO\AppData\Local\Programs\Python\Python314\Lib\site-packages\selenium\webdriver\remote\webelement.py", line 114, in click
    self._execute(Command.CLICK_ELEMENT)
    ~~~~~~~~~~~~~^^^^^^^^^^^^^^^^^^^^^^^
  File "C:\Users\USUARIO\AppData\Local\Programs\Python\Python314\Lib\site-packages\selenium\webdriver\remote\webelement.py", line 508, in _execute
    return self._parent.execute(command, params)
           ~~~~~~~~~~~~~~~~~~~~^^^^^^^^^^^^^^^^^
  File "C:\Users\USUARIO\AppData\Local\Programs\Python\Python314\Lib\site-packages\selenium\webdriver\remote\webdriver.py", line 504, in execute
    self.error_handler.check_response(response)
    ~~~~~~~~~~~~~~~~~~~~~~~~~~~~~~~~~^^^^^^^^^^
  File "C:\Users\USUARIO\AppData\Local\Programs\Python\Python314\Lib\site-packages\selenium\webdriver\remote\errorhandler.py", line 232, in check_response
    raise exception_class(message, screen, stacktrace)
selenium.common.exceptions.ElementClickInterceptedException: Message: element click intercepted: Element <button class="btn btn-primary" id="btn-registrar" onclick="registrar()">...</button> is not clickable at point (1751, 911). Other element would receive the click: <div class="status-bar">...</div>
  (Session info: chrome=151.0.7922.174); For documentation on this error, please visit: https://www.selenium.dev/documentation/webdriver/troubleshooting/errors#elementclickinterceptedexception
Stacktrace:
	chromedriver!GetHandleVerifier [0x7ff621b1abb5+151b5]
	chromedriver!GetHandleVerifier [0x7ff621b1ac10+15210]
	chromedriver!(No symbol) [0x7ff621645d6d]
	chromedriver!(No symbol) [0x7ff6216a90c5]
	chromedriver!(No symbol) [0x7ff6216a6cda]
	chromedriver!(No symbol) [0x7ff6216a4017]
	chromedriver!(No symbol) [0x7ff6216a2ec7]
	chromedriver!(No symbol) [0x7ff6216956f8]
	chromedriver!(No symbol) [0x7ff6216c9d0a]
	chromedriver!(No symbol) [0x7ff621694f76]
	chromedriver!(No symbol) [0x7ff6216eec0b]
	chromedriver!(No symbol) [0x7ff6216937cc]
	chromedriver!(No symbol) [0x7ff6216946f3]
	chromedriver!GetHandleVerifier [0x7ff62213b79b+635d9b]
	chromedriver!GetHandleVerifier [0x7ff622135ac6+6300c6]
	chromedriver!GetHandleVerifier [0x7ff62215bcee+6562ee]
	chromedriver!GetHandleVerifier [0x7ff621b38ffe+335fe]
	chromedriver!GetHandleVerifier [0x7ff621b4147c+3ba7c]
	chromedriver!GetHandleVerifier [0x7ff621b24d64+1f364]
	chromedriver!GetHandleVerifier [0x7ff621b24ef4+1f4f4]
	chromedriver!GetHandleVerifier [0x7ff621b07d97+2397]
	KERNEL32!BaseThreadInitThunk [0x7ff97a1f7374+14]
	ntdll!RtlUserThreadStart [0x7ff97ba9cc91+21]


During handling of the above exception, another exception occurred:

Traceback (most recent call last):
  File "D:\Universidad\Clases\D-CICLO-X-2026-2\CLASES\Data Science con Python\rpa_runner.py", line 139, in _safe_reset
    self._page.reset_form()
    ~~~~~~~~~~~~~~~~~~~~~^^
  File "D:\Universidad\Clases\D-CICLO-X-2026-2\CLASES\Data Science con Python\peoplesync_page.py", line 145, in reset_form
    btn.click()
    ~~~~~~~~~^^
  File "C:\Users\USUARIO\AppData\Local\Programs\Python\Python314\Lib\site-packages\selenium\webdriver\remote\webelement.py", line 114, in click
    self._execute(Command.CLICK_ELEMENT)
    ~~~~~~~~~~~~~^^^^^^^^^^^^^^^^^^^^^^^
  File "C:\Users\USUARIO\AppData\Local\Programs\Python\Python314\Lib\site-packages\selenium\webdriver\remote\webelement.py", line 508, in _execute
    return self._parent.execute(command, params)
           ~~~~~~~~~~~~~~~~~~~~^^^^^^^^^^^^^^^^^
  File "C:\Users\USUARIO\AppData\Local\Programs\Python\Python314\Lib\site-packages\selenium\webdriver\remote\webdriver.py", line 504, in execute
    self.error_handler.check_response(response)
    ~~~~~~~~~~~~~~~~~~~~~~~~~~~~~~~~~^^^^^^^^^^
  File "C:\Users\USUARIO\AppData\Local\Programs\Python\Python314\Lib\site-packages\selenium\webdriver\remote\errorhandler.py", line 232, in check_response
    raise exception_class(message, screen, stacktrace)
selenium.common.exceptions.ElementClickInterceptedException: Message: element click intercepted: Element <button class="btn btn-secondary" onclick="limpiarFormulario()">...</button> is not clickable at point (1611, 911). Other element would receive the click: <div class="status-bar">...</div>
  (Session info: chrome=151.0.7922.174); For documentation on this error, please visit: https://www.selenium.dev/documentation/webdriver/troubleshooting/errors#elementclickinterceptedexception
Stacktrace:
	chromedriver!GetHandleVerifier [0x7ff621b1abb5+151b5]
	chromedriver!GetHandleVerifier [0x7ff621b1ac10+15210]
	chromedriver!(No symbol) [0x7ff621645d6d]
	chromedriver!(No symbol) [0x7ff6216a90c5]
	chromedriver!(No symbol) [0x7ff6216a6cda]
	chromedriver!(No symbol) [0x7ff6216a4017]
	chromedriver!(No symbol) [0x7ff6216a2ec7]
	chromedriver!(No symbol) [0x7ff6216956f8]
	chromedriver!(No symbol) [0x7ff6216c9d0a]
	chromedriver!(No symbol) [0x7ff621694f76]
	chromedriver!(No symbol) [0x7ff6216eec0b]
	chromedriver!(No symbol) [0x7ff6216937cc]
	chromedriver!(No symbol) [0x7ff6216946f3]
	chromedriver!GetHandleVerifier [0x7ff62213b79b+635d9b]
	chromedriver!GetHandleVerifier [0x7ff622135ac6+6300c6]
	chromedriver!GetHandleVerifier [0x7ff62215bcee+6562ee]
	chromedriver!GetHandleVerifier [0x7ff621b38ffe+335fe]
	chromedriver!GetHandleVerifier [0x7ff621b4147c+3ba7c]
	chromedriver!GetHandleVerifier [0x7ff621b24d64+1f364]
	chromedriver!GetHandleVerifier [0x7ff621b24ef4+1f4f4]
	chromedriver!GetHandleVerifier [0x7ff621b07d97+2397]
	KERNEL32!BaseThreadInitThunk [0x7ff97a1f7374+14]
	ntdll!RtlUserThreadStart [0x7ff97ba9cc91+21]

2026-08-25 08:59:57,078 [ERROR] Error inesperado procesando el registro 50434052
Traceback (most recent call last):
  File "D:\Universidad\Clases\D-CICLO-X-2026-2\CLASES\Data Science con Python\rpa_runner.py", line 121, in _process_record
    outcome = self._page.submit_and_verify(record.dni)
  File "D:\Universidad\Clases\D-CICLO-X-2026-2\CLASES\Data Science con Python\peoplesync_page.py", line 94, in submit_and_verify
    btn.click()
    ~~~~~~~~~^^
  File "C:\Users\USUARIO\AppData\Local\Programs\Python\Python314\Lib\site-packages\selenium\webdriver\remote\webelement.py", line 114, in click
    self._execute(Command.CLICK_ELEMENT)
    ~~~~~~~~~~~~~^^^^^^^^^^^^^^^^^^^^^^^
  File "C:\Users\USUARIO\AppData\Local\Programs\Python\Python314\Lib\site-packages\selenium\webdriver\remote\webelement.py", line 508, in _execute
    return self._parent.execute(command, params)
           ~~~~~~~~~~~~~~~~~~~~^^^^^^^^^^^^^^^^^
  File "C:\Users\USUARIO\AppData\Local\Programs\Python\Python314\Lib\site-packages\selenium\webdriver\remote\webdriver.py", line 504, in execute
    self.error_handler.check_response(response)
    ~~~~~~~~~~~~~~~~~~~~~~~~~~~~~~~~~^^^^^^^^^^
  File "C:\Users\USUARIO\AppData\Local\Programs\Python\Python314\Lib\site-packages\selenium\webdriver\remote\errorhandler.py", line 232, in check_response
    raise exception_class(message, screen, stacktrace)
selenium.common.exceptions.ElementClickInterceptedException: Message: element click intercepted: Element <button class="btn btn-primary" id="btn-registrar" onclick="registrar()">...</button> is not clickable at point (1751, 911). Other element would receive the click: <div class="status-bar">...</div>
  (Session info: chrome=151.0.7922.174); For documentation on this error, please visit: https://www.selenium.dev/documentation/webdriver/troubleshooting/errors#elementclickinterceptedexception
Stacktrace:
	chromedriver!GetHandleVerifier [0x7ff621b1abb5+151b5]
	chromedriver!GetHandleVerifier [0x7ff621b1ac10+15210]
	chromedriver!(No symbol) [0x7ff621645d6d]
	chromedriver!(No symbol) [0x7ff6216a90c5]
	chromedriver!(No symbol) [0x7ff6216a6cda]
	chromedriver!(No symbol) [0x7ff6216a4017]
	chromedriver!(No symbol) [0x7ff6216a2ec7]
	chromedriver!(No symbol) [0x7ff6216956f8]
	chromedriver!(No symbol) [0x7ff6216c9d0a]
	chromedriver!(No symbol) [0x7ff621694f76]
	chromedriver!(No symbol) [0x7ff6216eec0b]
	chromedriver!(No symbol) [0x7ff6216937cc]
	chromedriver!(No symbol) [0x7ff6216946f3]
	chromedriver!GetHandleVerifier [0x7ff62213b79b+635d9b]
	chromedriver!GetHandleVerifier [0x7ff622135ac6+6300c6]
	chromedriver!GetHandleVerifier [0x7ff62215bcee+6562ee]
	chromedriver!GetHandleVerifier [0x7ff621b38ffe+335fe]
	chromedriver!GetHandleVerifier [0x7ff621b4147c+3ba7c]
	chromedriver!GetHandleVerifier [0x7ff621b24d64+1f364]
	chromedriver!GetHandleVerifier [0x7ff621b24ef4+1f4f4]
	chromedriver!GetHandleVerifier [0x7ff621b07d97+2397]
	KERNEL32!BaseThreadInitThunk [0x7ff97a1f7374+14]
	ntdll!RtlUserThreadStart [0x7ff97ba9cc91+21]

2026-08-25 08:59:58,153 [ERROR] No se pudo limpiar el formulario tras un fallo; se continua de todas formas.
Traceback (most recent call last):
  File "D:\Universidad\Clases\D-CICLO-X-2026-2\CLASES\Data Science con Python\rpa_runner.py", line 121, in _process_record
    outcome = self._page.submit_and_verify(record.dni)
  File "D:\Universidad\Clases\D-CICLO-X-2026-2\CLASES\Data Science con Python\peoplesync_page.py", line 94, in submit_and_verify
    btn.click()
    ~~~~~~~~~^^
  File "C:\Users\USUARIO\AppData\Local\Programs\Python\Python314\Lib\site-packages\selenium\webdriver\remote\webelement.py", line 114, in click
    self._execute(Command.CLICK_ELEMENT)
    ~~~~~~~~~~~~~^^^^^^^^^^^^^^^^^^^^^^^
  File "C:\Users\USUARIO\AppData\Local\Programs\Python\Python314\Lib\site-packages\selenium\webdriver\remote\webelement.py", line 508, in _execute
    return self._parent.execute(command, params)
           ~~~~~~~~~~~~~~~~~~~~^^^^^^^^^^^^^^^^^
  File "C:\Users\USUARIO\AppData\Local\Programs\Python\Python314\Lib\site-packages\selenium\webdriver\remote\webdriver.py", line 504, in execute
    self.error_handler.check_response(response)
    ~~~~~~~~~~~~~~~~~~~~~~~~~~~~~~~~~^^^^^^^^^^
  File "C:\Users\USUARIO\AppData\Local\Programs\Python\Python314\Lib\site-packages\selenium\webdriver\remote\errorhandler.py", line 232, in check_response
    raise exception_class(message, screen, stacktrace)
selenium.common.exceptions.ElementClickInterceptedException: Message: element click intercepted: Element <button class="btn btn-primary" id="btn-registrar" onclick="registrar()">...</button> is not clickable at point (1751, 911). Other element would receive the click: <div class="status-bar">...</div>
  (Session info: chrome=151.0.7922.174); For documentation on this error, please visit: https://www.selenium.dev/documentation/webdriver/troubleshooting/errors#elementclickinterceptedexception
Stacktrace:
	chromedriver!GetHandleVerifier [0x7ff621b1abb5+151b5]
	chromedriver!GetHandleVerifier [0x7ff621b1ac10+15210]
	chromedriver!(No symbol) [0x7ff621645d6d]
	chromedriver!(No symbol) [0x7ff6216a90c5]
	chromedriver!(No symbol) [0x7ff6216a6cda]
	chromedriver!(No symbol) [0x7ff6216a4017]
	chromedriver!(No symbol) [0x7ff6216a2ec7]
	chromedriver!(No symbol) [0x7ff6216956f8]
	chromedriver!(No symbol) [0x7ff6216c9d0a]
	chromedriver!(No symbol) [0x7ff621694f76]
	chromedriver!(No symbol) [0x7ff6216eec0b]
	chromedriver!(No symbol) [0x7ff6216937cc]
	chromedriver!(No symbol) [0x7ff6216946f3]
	chromedriver!GetHandleVerifier [0x7ff62213b79b+635d9b]
	chromedriver!GetHandleVerifier [0x7ff622135ac6+6300c6]
	chromedriver!GetHandleVerifier [0x7ff62215bcee+6562ee]
	chromedriver!GetHandleVerifier [0x7ff621b38ffe+335fe]
	chromedriver!GetHandleVerifier [0x7ff621b4147c+3ba7c]
	chromedriver!GetHandleVerifier [0x7ff621b24d64+1f364]
	chromedriver!GetHandleVerifier [0x7ff621b24ef4+1f4f4]
	chromedriver!GetHandleVerifier [0x7ff621b07d97+2397]
	KERNEL32!BaseThreadInitThunk [0x7ff97a1f7374+14]
	ntdll!RtlUserThreadStart [0x7ff97ba9cc91+21]


During handling of the above exception, another exception occurred:

Traceback (most recent call last):
  File "D:\Universidad\Clases\D-CICLO-X-2026-2\CLASES\Data Science con Python\rpa_runner.py", line 139, in _safe_reset
    self._page.reset_form()
    ~~~~~~~~~~~~~~~~~~~~~^^
  File "D:\Universidad\Clases\D-CICLO-X-2026-2\CLASES\Data Science con Python\peoplesync_page.py", line 145, in reset_form
    btn.click()
    ~~~~~~~~~^^
  File "C:\Users\USUARIO\AppData\Local\Programs\Python\Python314\Lib\site-packages\selenium\webdriver\remote\webelement.py", line 114, in click
    self._execute(Command.CLICK_ELEMENT)
    ~~~~~~~~~~~~~^^^^^^^^^^^^^^^^^^^^^^^
  File "C:\Users\USUARIO\AppData\Local\Programs\Python\Python314\Lib\site-packages\selenium\webdriver\remote\webelement.py", line 508, in _execute
    return self._parent.execute(command, params)
           ~~~~~~~~~~~~~~~~~~~~^^^^^^^^^^^^^^^^^
  File "C:\Users\USUARIO\AppData\Local\Programs\Python\Python314\Lib\site-packages\selenium\webdriver\remote\webdriver.py", line 504, in execute
    self.error_handler.check_response(response)
    ~~~~~~~~~~~~~~~~~~~~~~~~~~~~~~~~~^^^^^^^^^^
  File "C:\Users\USUARIO\AppData\Local\Programs\Python\Python314\Lib\site-packages\selenium\webdriver\remote\errorhandler.py", line 232, in check_response
    raise exception_class(message, screen, stacktrace)
selenium.common.exceptions.ElementClickInterceptedException: Message: element click intercepted: Element <button class="btn btn-secondary" onclick="limpiarFormulario()">...</button> is not clickable at point (1611, 911). Other element would receive the click: <div class="status-bar">...</div>
  (Session info: chrome=151.0.7922.174); For documentation on this error, please visit: https://www.selenium.dev/documentation/webdriver/troubleshooting/errors#elementclickinterceptedexception
Stacktrace:
	chromedriver!GetHandleVerifier [0x7ff621b1abb5+151b5]
	chromedriver!GetHandleVerifier [0x7ff621b1ac10+15210]
	chromedriver!(No symbol) [0x7ff621645d6d]
	chromedriver!(No symbol) [0x7ff6216a90c5]
	chromedriver!(No symbol) [0x7ff6216a6cda]
	chromedriver!(No symbol) [0x7ff6216a4017]
	chromedriver!(No symbol) [0x7ff6216a2ec7]
	chromedriver!(No symbol) [0x7ff6216956f8]
	chromedriver!(No symbol) [0x7ff6216c9d0a]
	chromedriver!(No symbol) [0x7ff621694f76]
	chromedriver!(No symbol) [0x7ff6216eec0b]
	chromedriver!(No symbol) [0x7ff6216937cc]
	chromedriver!(No symbol) [0x7ff6216946f3]
	chromedriver!GetHandleVerifier [0x7ff62213b79b+635d9b]
	chromedriver!GetHandleVerifier [0x7ff622135ac6+6300c6]
	chromedriver!GetHandleVerifier [0x7ff62215bcee+6562ee]
	chromedriver!GetHandleVerifier [0x7ff621b38ffe+335fe]
	chromedriver!GetHandleVerifier [0x7ff621b4147c+3ba7c]
	chromedriver!GetHandleVerifier [0x7ff621b24d64+1f364]
	chromedriver!GetHandleVerifier [0x7ff621b24ef4+1f4f4]
	chromedriver!GetHandleVerifier [0x7ff621b07d97+2397]
	KERNEL32!BaseThreadInitThunk [0x7ff97a1f7374+14]
	ntdll!RtlUserThreadStart [0x7ff97ba9cc91+21]

2026-08-25 08:59:58,155 [WARNING] Registro 48376941 omitido (incompatible con el formulario): El valor 'No binario' del campo 'genero' no esta entre las opciones disponibles en el formulario.
2026-08-25 08:59:59,521 [ERROR] Error inesperado procesando el registro 55622331
Traceback (most recent call last):
  File "D:\Universidad\Clases\D-CICLO-X-2026-2\CLASES\Data Science con Python\rpa_runner.py", line 121, in _process_record
    outcome = self._page.submit_and_verify(record.dni)
  File "D:\Universidad\Clases\D-CICLO-X-2026-2\CLASES\Data Science con Python\peoplesync_page.py", line 94, in submit_and_verify
    btn.click()
    ~~~~~~~~~^^
  File "C:\Users\USUARIO\AppData\Local\Programs\Python\Python314\Lib\site-packages\selenium\webdriver\remote\webelement.py", line 114, in click
    self._execute(Command.CLICK_ELEMENT)
    ~~~~~~~~~~~~~^^^^^^^^^^^^^^^^^^^^^^^
  File "C:\Users\USUARIO\AppData\Local\Programs\Python\Python314\Lib\site-packages\selenium\webdriver\remote\webelement.py", line 508, in _execute
    return self._parent.execute(command, params)
           ~~~~~~~~~~~~~~~~~~~~^^^^^^^^^^^^^^^^^
  File "C:\Users\USUARIO\AppData\Local\Programs\Python\Python314\Lib\site-packages\selenium\webdriver\remote\webdriver.py", line 504, in execute
    self.error_handler.check_response(response)
    ~~~~~~~~~~~~~~~~~~~~~~~~~~~~~~~~~^^^^^^^^^^
  File "C:\Users\USUARIO\AppData\Local\Programs\Python\Python314\Lib\site-packages\selenium\webdriver\remote\errorhandler.py", line 232, in check_response
    raise exception_class(message, screen, stacktrace)
selenium.common.exceptions.ElementClickInterceptedException: Message: element click intercepted: Element <button class="btn btn-primary" id="btn-registrar" onclick="registrar()">...</button> is not clickable at point (1751, 911). Other element would receive the click: <div class="status-bar">...</div>
  (Session info: chrome=151.0.7922.174); For documentation on this error, please visit: https://www.selenium.dev/documentation/webdriver/troubleshooting/errors#elementclickinterceptedexception
Stacktrace:
	chromedriver!GetHandleVerifier [0x7ff621b1abb5+151b5]
	chromedriver!GetHandleVerifier [0x7ff621b1ac10+15210]
	chromedriver!(No symbol) [0x7ff621645d6d]
	chromedriver!(No symbol) [0x7ff6216a90c5]
	chromedriver!(No symbol) [0x7ff6216a6cda]
	chromedriver!(No symbol) [0x7ff6216a4017]
	chromedriver!(No symbol) [0x7ff6216a2ec7]
	chromedriver!(No symbol) [0x7ff6216956f8]
	chromedriver!(No symbol) [0x7ff6216c9d0a]
	chromedriver!(No symbol) [0x7ff621694f76]
	chromedriver!(No symbol) [0x7ff6216eec0b]
	chromedriver!(No symbol) [0x7ff6216937cc]
	chromedriver!(No symbol) [0x7ff6216946f3]
	chromedriver!GetHandleVerifier [0x7ff62213b79b+635d9b]
	chromedriver!GetHandleVerifier [0x7ff622135ac6+6300c6]
	chromedriver!GetHandleVerifier [0x7ff62215bcee+6562ee]
	chromedriver!GetHandleVerifier [0x7ff621b38ffe+335fe]
	chromedriver!GetHandleVerifier [0x7ff621b4147c+3ba7c]
	chromedriver!GetHandleVerifier [0x7ff621b24d64+1f364]
	chromedriver!GetHandleVerifier [0x7ff621b24ef4+1f4f4]
	chromedriver!GetHandleVerifier [0x7ff621b07d97+2397]
	KERNEL32!BaseThreadInitThunk [0x7ff97a1f7374+14]
	ntdll!RtlUserThreadStart [0x7ff97ba9cc91+21]

2026-08-25 09:00:00,581 [ERROR] No se pudo limpiar el formulario tras un fallo; se continua de todas formas.
Traceback (most recent call last):
  File "D:\Universidad\Clases\D-CICLO-X-2026-2\CLASES\Data Science con Python\rpa_runner.py", line 121, in _process_record
    outcome = self._page.submit_and_verify(record.dni)
  File "D:\Universidad\Clases\D-CICLO-X-2026-2\CLASES\Data Science con Python\peoplesync_page.py", line 94, in submit_and_verify
    btn.click()
    ~~~~~~~~~^^
  File "C:\Users\USUARIO\AppData\Local\Programs\Python\Python314\Lib\site-packages\selenium\webdriver\remote\webelement.py", line 114, in click
    self._execute(Command.CLICK_ELEMENT)
    ~~~~~~~~~~~~~^^^^^^^^^^^^^^^^^^^^^^^
  File "C:\Users\USUARIO\AppData\Local\Programs\Python\Python314\Lib\site-packages\selenium\webdriver\remote\webelement.py", line 508, in _execute
    return self._parent.execute(command, params)
           ~~~~~~~~~~~~~~~~~~~~^^^^^^^^^^^^^^^^^
  File "C:\Users\USUARIO\AppData\Local\Programs\Python\Python314\Lib\site-packages\selenium\webdriver\remote\webdriver.py", line 504, in execute
    self.error_handler.check_response(response)
    ~~~~~~~~~~~~~~~~~~~~~~~~~~~~~~~~~^^^^^^^^^^
  File "C:\Users\USUARIO\AppData\Local\Programs\Python\Python314\Lib\site-packages\selenium\webdriver\remote\errorhandler.py", line 232, in check_response
    raise exception_class(message, screen, stacktrace)
selenium.common.exceptions.ElementClickInterceptedException: Message: element click intercepted: Element <button class="btn btn-primary" id="btn-registrar" onclick="registrar()">...</button> is not clickable at point (1751, 911). Other element would receive the click: <div class="status-bar">...</div>
  (Session info: chrome=151.0.7922.174); For documentation on this error, please visit: https://www.selenium.dev/documentation/webdriver/troubleshooting/errors#elementclickinterceptedexception
Stacktrace:
	chromedriver!GetHandleVerifier [0x7ff621b1abb5+151b5]
	chromedriver!GetHandleVerifier [0x7ff621b1ac10+15210]
	chromedriver!(No symbol) [0x7ff621645d6d]
	chromedriver!(No symbol) [0x7ff6216a90c5]
	chromedriver!(No symbol) [0x7ff6216a6cda]
	chromedriver!(No symbol) [0x7ff6216a4017]
	chromedriver!(No symbol) [0x7ff6216a2ec7]
	chromedriver!(No symbol) [0x7ff6216956f8]
	chromedriver!(No symbol) [0x7ff6216c9d0a]
	chromedriver!(No symbol) [0x7ff621694f76]
	chromedriver!(No symbol) [0x7ff6216eec0b]
	chromedriver!(No symbol) [0x7ff6216937cc]
	chromedriver!(No symbol) [0x7ff6216946f3]
	chromedriver!GetHandleVerifier [0x7ff62213b79b+635d9b]
	chromedriver!GetHandleVerifier [0x7ff622135ac6+6300c6]
	chromedriver!GetHandleVerifier [0x7ff62215bcee+6562ee]
	chromedriver!GetHandleVerifier [0x7ff621b38ffe+335fe]
	chromedriver!GetHandleVerifier [0x7ff621b4147c+3ba7c]
	chromedriver!GetHandleVerifier [0x7ff621b24d64+1f364]
	chromedriver!GetHandleVerifier [0x7ff621b24ef4+1f4f4]
	chromedriver!GetHandleVerifier [0x7ff621b07d97+2397]
	KERNEL32!BaseThreadInitThunk [0x7ff97a1f7374+14]
	ntdll!RtlUserThreadStart [0x7ff97ba9cc91+21]


During handling of the above exception, another exception occurred:

Traceback (most recent call last):
  File "D:\Universidad\Clases\D-CICLO-X-2026-2\CLASES\Data Science con Python\rpa_runner.py", line 139, in _safe_reset
    self._page.reset_form()
    ~~~~~~~~~~~~~~~~~~~~~^^
  File "D:\Universidad\Clases\D-CICLO-X-2026-2\CLASES\Data Science con Python\peoplesync_page.py", line 145, in reset_form
    btn.click()
    ~~~~~~~~~^^
  File "C:\Users\USUARIO\AppData\Local\Programs\Python\Python314\Lib\site-packages\selenium\webdriver\remote\webelement.py", line 114, in click
    self._execute(Command.CLICK_ELEMENT)
    ~~~~~~~~~~~~~^^^^^^^^^^^^^^^^^^^^^^^
  File "C:\Users\USUARIO\AppData\Local\Programs\Python\Python314\Lib\site-packages\selenium\webdriver\remote\webelement.py", line 508, in _execute
    return self._parent.execute(command, params)
           ~~~~~~~~~~~~~~~~~~~~^^^^^^^^^^^^^^^^^
  File "C:\Users\USUARIO\AppData\Local\Programs\Python\Python314\Lib\site-packages\selenium\webdriver\remote\webdriver.py", line 504, in execute
    self.error_handler.check_response(response)
    ~~~~~~~~~~~~~~~~~~~~~~~~~~~~~~~~~^^^^^^^^^^
  File "C:\Users\USUARIO\AppData\Local\Programs\Python\Python314\Lib\site-packages\selenium\webdriver\remote\errorhandler.py", line 232, in check_response
    raise exception_class(message, screen, stacktrace)
selenium.common.exceptions.ElementClickInterceptedException: Message: element click intercepted: Element <button class="btn btn-secondary" onclick="limpiarFormulario()">...</button> is not clickable at point (1611, 911). Other element would receive the click: <div class="status-bar">...</div>
  (Session info: chrome=151.0.7922.174); For documentation on this error, please visit: https://www.selenium.dev/documentation/webdriver/troubleshooting/errors#elementclickinterceptedexception
Stacktrace:
	chromedriver!GetHandleVerifier [0x7ff621b1abb5+151b5]
	chromedriver!GetHandleVerifier [0x7ff621b1ac10+15210]
	chromedriver!(No symbol) [0x7ff621645d6d]
	chromedriver!(No symbol) [0x7ff6216a90c5]
	chromedriver!(No symbol) [0x7ff6216a6cda]
	chromedriver!(No symbol) [0x7ff6216a4017]
	chromedriver!(No symbol) [0x7ff6216a2ec7]
	chromedriver!(No symbol) [0x7ff6216956f8]
	chromedriver!(No symbol) [0x7ff6216c9d0a]
	chromedriver!(No symbol) [0x7ff621694f76]
	chromedriver!(No symbol) [0x7ff6216eec0b]
	chromedriver!(No symbol) [0x7ff6216937cc]
	chromedriver!(No symbol) [0x7ff6216946f3]
	chromedriver!GetHandleVerifier [0x7ff62213b79b+635d9b]
	chromedriver!GetHandleVerifier [0x7ff622135ac6+6300c6]
	chromedriver!GetHandleVerifier [0x7ff62215bcee+6562ee]
	chromedriver!GetHandleVerifier [0x7ff621b38ffe+335fe]
	chromedriver!GetHandleVerifier [0x7ff621b4147c+3ba7c]
	chromedriver!GetHandleVerifier [0x7ff621b24d64+1f364]
	chromedriver!GetHandleVerifier [0x7ff621b24ef4+1f4f4]
	chromedriver!GetHandleVerifier [0x7ff621b07d97+2397]
	KERNEL32!BaseThreadInitThunk [0x7ff97a1f7374+14]
	ntdll!RtlUserThreadStart [0x7ff97ba9cc91+21]

2026-08-25 09:00:00,583 [WARNING] Registro 51484920 omitido (incompatible con el formulario): El valor 'No binario' del campo 'genero' no esta entre las opciones disponibles en el formulario.
2026-08-25 09:00:01,933 [ERROR] Error inesperado procesando el registro 42154210
Traceback (most recent call last):
  File "D:\Universidad\Clases\D-CICLO-X-2026-2\CLASES\Data Science con Python\rpa_runner.py", line 121, in _process_record
    outcome = self._page.submit_and_verify(record.dni)
  File "D:\Universidad\Clases\D-CICLO-X-2026-2\CLASES\Data Science con Python\peoplesync_page.py", line 94, in submit_and_verify
    btn.click()
    ~~~~~~~~~^^
  File "C:\Users\USUARIO\AppData\Local\Programs\Python\Python314\Lib\site-packages\selenium\webdriver\remote\webelement.py", line 114, in click
    self._execute(Command.CLICK_ELEMENT)
    ~~~~~~~~~~~~~^^^^^^^^^^^^^^^^^^^^^^^
  File "C:\Users\USUARIO\AppData\Local\Programs\Python\Python314\Lib\site-packages\selenium\webdriver\remote\webelement.py", line 508, in _execute
    return self._parent.execute(command, params)
           ~~~~~~~~~~~~~~~~~~~~^^^^^^^^^^^^^^^^^
  File "C:\Users\USUARIO\AppData\Local\Programs\Python\Python314\Lib\site-packages\selenium\webdriver\remote\webdriver.py", line 504, in execute
    self.error_handler.check_response(response)
    ~~~~~~~~~~~~~~~~~~~~~~~~~~~~~~~~~^^^^^^^^^^
  File "C:\Users\USUARIO\AppData\Local\Programs\Python\Python314\Lib\site-packages\selenium\webdriver\remote\errorhandler.py", line 232, in check_response
    raise exception_class(message, screen, stacktrace)
selenium.common.exceptions.ElementClickInterceptedException: Message: element click intercepted: Element <button class="btn btn-primary" id="btn-registrar" onclick="registrar()">...</button> is not clickable at point (1751, 911). Other element would receive the click: <div class="status-bar">...</div>
  (Session info: chrome=151.0.7922.174); For documentation on this error, please visit: https://www.selenium.dev/documentation/webdriver/troubleshooting/errors#elementclickinterceptedexception
Stacktrace:
	chromedriver!GetHandleVerifier [0x7ff621b1abb5+151b5]
	chromedriver!GetHandleVerifier [0x7ff621b1ac10+15210]
	chromedriver!(No symbol) [0x7ff621645d6d]
	chromedriver!(No symbol) [0x7ff6216a90c5]
	chromedriver!(No symbol) [0x7ff6216a6cda]
	chromedriver!(No symbol) [0x7ff6216a4017]
	chromedriver!(No symbol) [0x7ff6216a2ec7]
	chromedriver!(No symbol) [0x7ff6216956f8]
	chromedriver!(No symbol) [0x7ff6216c9d0a]
	chromedriver!(No symbol) [0x7ff621694f76]
	chromedriver!(No symbol) [0x7ff6216eec0b]
	chromedriver!(No symbol) [0x7ff6216937cc]
	chromedriver!(No symbol) [0x7ff6216946f3]
	chromedriver!GetHandleVerifier [0x7ff62213b79b+635d9b]
	chromedriver!GetHandleVerifier [0x7ff622135ac6+6300c6]
	chromedriver!GetHandleVerifier [0x7ff62215bcee+6562ee]
	chromedriver!GetHandleVerifier [0x7ff621b38ffe+335fe]
	chromedriver!GetHandleVerifier [0x7ff621b4147c+3ba7c]
	chromedriver!GetHandleVerifier [0x7ff621b24d64+1f364]
	chromedriver!GetHandleVerifier [0x7ff621b24ef4+1f4f4]
	chromedriver!GetHandleVerifier [0x7ff621b07d97+2397]
	KERNEL32!BaseThreadInitThunk [0x7ff97a1f7374+14]
	ntdll!RtlUserThreadStart [0x7ff97ba9cc91+21]

2026-08-25 09:00:02,987 [ERROR] No se pudo limpiar el formulario tras un fallo; se continua de todas formas.
Traceback (most recent call last):
  File "D:\Universidad\Clases\D-CICLO-X-2026-2\CLASES\Data Science con Python\rpa_runner.py", line 121, in _process_record
    outcome = self._page.submit_and_verify(record.dni)
  File "D:\Universidad\Clases\D-CICLO-X-2026-2\CLASES\Data Science con Python\peoplesync_page.py", line 94, in submit_and_verify
    btn.click()
    ~~~~~~~~~^^
  File "C:\Users\USUARIO\AppData\Local\Programs\Python\Python314\Lib\site-packages\selenium\webdriver\remote\webelement.py", line 114, in click
    self._execute(Command.CLICK_ELEMENT)
    ~~~~~~~~~~~~~^^^^^^^^^^^^^^^^^^^^^^^
  File "C:\Users\USUARIO\AppData\Local\Programs\Python\Python314\Lib\site-packages\selenium\webdriver\remote\webelement.py", line 508, in _execute
    return self._parent.execute(command, params)
           ~~~~~~~~~~~~~~~~~~~~^^^^^^^^^^^^^^^^^
  File "C:\Users\USUARIO\AppData\Local\Programs\Python\Python314\Lib\site-packages\selenium\webdriver\remote\webdriver.py", line 504, in execute
    self.error_handler.check_response(response)
    ~~~~~~~~~~~~~~~~~~~~~~~~~~~~~~~~~^^^^^^^^^^
  File "C:\Users\USUARIO\AppData\Local\Programs\Python\Python314\Lib\site-packages\selenium\webdriver\remote\errorhandler.py", line 232, in check_response
    raise exception_class(message, screen, stacktrace)
selenium.common.exceptions.ElementClickInterceptedException: Message: element click intercepted: Element <button class="btn btn-primary" id="btn-registrar" onclick="registrar()">...</button> is not clickable at point (1751, 911). Other element would receive the click: <div class="status-bar">...</div>
  (Session info: chrome=151.0.7922.174); For documentation on this error, please visit: https://www.selenium.dev/documentation/webdriver/troubleshooting/errors#elementclickinterceptedexception
Stacktrace:
	chromedriver!GetHandleVerifier [0x7ff621b1abb5+151b5]
	chromedriver!GetHandleVerifier [0x7ff621b1ac10+15210]
	chromedriver!(No symbol) [0x7ff621645d6d]
	chromedriver!(No symbol) [0x7ff6216a90c5]
	chromedriver!(No symbol) [0x7ff6216a6cda]
	chromedriver!(No symbol) [0x7ff6216a4017]
	chromedriver!(No symbol) [0x7ff6216a2ec7]
	chromedriver!(No symbol) [0x7ff6216956f8]
	chromedriver!(No symbol) [0x7ff6216c9d0a]
	chromedriver!(No symbol) [0x7ff621694f76]
	chromedriver!(No symbol) [0x7ff6216eec0b]
	chromedriver!(No symbol) [0x7ff6216937cc]
	chromedriver!(No symbol) [0x7ff6216946f3]
	chromedriver!GetHandleVerifier [0x7ff62213b79b+635d9b]
	chromedriver!GetHandleVerifier [0x7ff622135ac6+6300c6]
	chromedriver!GetHandleVerifier [0x7ff62215bcee+6562ee]
	chromedriver!GetHandleVerifier [0x7ff621b38ffe+335fe]
	chromedriver!GetHandleVerifier [0x7ff621b4147c+3ba7c]
	chromedriver!GetHandleVerifier [0x7ff621b24d64+1f364]
	chromedriver!GetHandleVerifier [0x7ff621b24ef4+1f4f4]
	chromedriver!GetHandleVerifier [0x7ff621b07d97+2397]
	KERNEL32!BaseThreadInitThunk [0x7ff97a1f7374+14]
	ntdll!RtlUserThreadStart [0x7ff97ba9cc91+21]


During handling of the above exception, another exception occurred:

Traceback (most recent call last):
  File "D:\Universidad\Clases\D-CICLO-X-2026-2\CLASES\Data Science con Python\rpa_runner.py", line 139, in _safe_reset
    self._page.reset_form()
    ~~~~~~~~~~~~~~~~~~~~~^^
  File "D:\Universidad\Clases\D-CICLO-X-2026-2\CLASES\Data Science con Python\peoplesync_page.py", line 145, in reset_form
    btn.click()
    ~~~~~~~~~^^
  File "C:\Users\USUARIO\AppData\Local\Programs\Python\Python314\Lib\site-packages\selenium\webdriver\remote\webelement.py", line 114, in click
    self._execute(Command.CLICK_ELEMENT)
    ~~~~~~~~~~~~~^^^^^^^^^^^^^^^^^^^^^^^
  File "C:\Users\USUARIO\AppData\Local\Programs\Python\Python314\Lib\site-packages\selenium\webdriver\remote\webelement.py", line 508, in _execute
    return self._parent.execute(command, params)
           ~~~~~~~~~~~~~~~~~~~~^^^^^^^^^^^^^^^^^
  File "C:\Users\USUARIO\AppData\Local\Programs\Python\Python314\Lib\site-packages\selenium\webdriver\remote\webdriver.py", line 504, in execute
    self.error_handler.check_response(response)
    ~~~~~~~~~~~~~~~~~~~~~~~~~~~~~~~~~^^^^^^^^^^
  File "C:\Users\USUARIO\AppData\Local\Programs\Python\Python314\Lib\site-packages\selenium\webdriver\remote\errorhandler.py", line 232, in check_response
    raise exception_class(message, screen, stacktrace)
selenium.common.exceptions.ElementClickInterceptedException: Message: element click intercepted: Element <button class="btn btn-secondary" onclick="limpiarFormulario()">...</button> is not clickable at point (1611, 911). Other element would receive the click: <div class="status-bar">...</div>
  (Session info: chrome=151.0.7922.174); For documentation on this error, please visit: https://www.selenium.dev/documentation/webdriver/troubleshooting/errors#elementclickinterceptedexception
Stacktrace:
	chromedriver!GetHandleVerifier [0x7ff621b1abb5+151b5]
	chromedriver!GetHandleVerifier [0x7ff621b1ac10+15210]
	chromedriver!(No symbol) [0x7ff621645d6d]
	chromedriver!(No symbol) [0x7ff6216a90c5]
	chromedriver!(No symbol) [0x7ff6216a6cda]
	chromedriver!(No symbol) [0x7ff6216a4017]
	chromedriver!(No symbol) [0x7ff6216a2ec7]
	chromedriver!(No symbol) [0x7ff6216956f8]
	chromedriver!(No symbol) [0x7ff6216c9d0a]
	chromedriver!(No symbol) [0x7ff621694f76]
	chromedriver!(No symbol) [0x7ff6216eec0b]
	chromedriver!(No symbol) [0x7ff6216937cc]
	chromedriver!(No symbol) [0x7ff6216946f3]
	chromedriver!GetHandleVerifier [0x7ff62213b79b+635d9b]
	chromedriver!GetHandleVerifier [0x7ff622135ac6+6300c6]
	chromedriver!GetHandleVerifier [0x7ff62215bcee+6562ee]
	chromedriver!GetHandleVerifier [0x7ff621b38ffe+335fe]
	chromedriver!GetHandleVerifier [0x7ff621b4147c+3ba7c]
	chromedriver!GetHandleVerifier [0x7ff621b24d64+1f364]
	chromedriver!GetHandleVerifier [0x7ff621b24ef4+1f4f4]
	chromedriver!GetHandleVerifier [0x7ff621b07d97+2397]
	KERNEL32!BaseThreadInitThunk [0x7ff97a1f7374+14]
	ntdll!RtlUserThreadStart [0x7ff97ba9cc91+21]

2026-08-25 09:00:04,359 [ERROR] Error inesperado procesando el registro 57775807
Traceback (most recent call last):
  File "D:\Universidad\Clases\D-CICLO-X-2026-2\CLASES\Data Science con Python\rpa_runner.py", line 121, in _process_record
    outcome = self._page.submit_and_verify(record.dni)
  File "D:\Universidad\Clases\D-CICLO-X-2026-2\CLASES\Data Science con Python\peoplesync_page.py", line 94, in submit_and_verify
    btn.click()
    ~~~~~~~~~^^
  File "C:\Users\USUARIO\AppData\Local\Programs\Python\Python314\Lib\site-packages\selenium\webdriver\remote\webelement.py", line 114, in click
    self._execute(Command.CLICK_ELEMENT)
    ~~~~~~~~~~~~~^^^^^^^^^^^^^^^^^^^^^^^
  File "C:\Users\USUARIO\AppData\Local\Programs\Python\Python314\Lib\site-packages\selenium\webdriver\remote\webelement.py", line 508, in _execute
    return self._parent.execute(command, params)
           ~~~~~~~~~~~~~~~~~~~~^^^^^^^^^^^^^^^^^
  File "C:\Users\USUARIO\AppData\Local\Programs\Python\Python314\Lib\site-packages\selenium\webdriver\remote\webdriver.py", line 504, in execute
    self.error_handler.check_response(response)
    ~~~~~~~~~~~~~~~~~~~~~~~~~~~~~~~~~^^^^^^^^^^
  File "C:\Users\USUARIO\AppData\Local\Programs\Python\Python314\Lib\site-packages\selenium\webdriver\remote\errorhandler.py", line 232, in check_response
    raise exception_class(message, screen, stacktrace)
selenium.common.exceptions.ElementClickInterceptedException: Message: element click intercepted: Element <button class="btn btn-primary" id="btn-registrar" onclick="registrar()">...</button> is not clickable at point (1751, 911). Other element would receive the click: <div class="status-bar">...</div>
  (Session info: chrome=151.0.7922.174); For documentation on this error, please visit: https://www.selenium.dev/documentation/webdriver/troubleshooting/errors#elementclickinterceptedexception
Stacktrace:
	chromedriver!GetHandleVerifier [0x7ff621b1abb5+151b5]
	chromedriver!GetHandleVerifier [0x7ff621b1ac10+15210]
	chromedriver!(No symbol) [0x7ff621645d6d]
	chromedriver!(No symbol) [0x7ff6216a90c5]
	chromedriver!(No symbol) [0x7ff6216a6cda]
	chromedriver!(No symbol) [0x7ff6216a4017]
	chromedriver!(No symbol) [0x7ff6216a2ec7]
	chromedriver!(No symbol) [0x7ff6216956f8]
	chromedriver!(No symbol) [0x7ff6216c9d0a]
	chromedriver!(No symbol) [0x7ff621694f76]
	chromedriver!(No symbol) [0x7ff6216eec0b]
	chromedriver!(No symbol) [0x7ff6216937cc]
	chromedriver!(No symbol) [0x7ff6216946f3]
	chromedriver!GetHandleVerifier [0x7ff62213b79b+635d9b]
	chromedriver!GetHandleVerifier [0x7ff622135ac6+6300c6]
	chromedriver!GetHandleVerifier [0x7ff62215bcee+6562ee]
	chromedriver!GetHandleVerifier [0x7ff621b38ffe+335fe]
	chromedriver!GetHandleVerifier [0x7ff621b4147c+3ba7c]
	chromedriver!GetHandleVerifier [0x7ff621b24d64+1f364]
	chromedriver!GetHandleVerifier [0x7ff621b24ef4+1f4f4]
	chromedriver!GetHandleVerifier [0x7ff621b07d97+2397]
	KERNEL32!BaseThreadInitThunk [0x7ff97a1f7374+14]
	ntdll!RtlUserThreadStart [0x7ff97ba9cc91+21]

2026-08-25 09:00:05,414 [ERROR] No se pudo limpiar el formulario tras un fallo; se continua de todas formas.
Traceback (most recent call last):
  File "D:\Universidad\Clases\D-CICLO-X-2026-2\CLASES\Data Science con Python\rpa_runner.py", line 121, in _process_record
    outcome = self._page.submit_and_verify(record.dni)
  File "D:\Universidad\Clases\D-CICLO-X-2026-2\CLASES\Data Science con Python\peoplesync_page.py", line 94, in submit_and_verify
    btn.click()
    ~~~~~~~~~^^
  File "C:\Users\USUARIO\AppData\Local\Programs\Python\Python314\Lib\site-packages\selenium\webdriver\remote\webelement.py", line 114, in click
    self._execute(Command.CLICK_ELEMENT)
    ~~~~~~~~~~~~~^^^^^^^^^^^^^^^^^^^^^^^
  File "C:\Users\USUARIO\AppData\Local\Programs\Python\Python314\Lib\site-packages\selenium\webdriver\remote\webelement.py", line 508, in _execute
    return self._parent.execute(command, params)
           ~~~~~~~~~~~~~~~~~~~~^^^^^^^^^^^^^^^^^
  File "C:\Users\USUARIO\AppData\Local\Programs\Python\Python314\Lib\site-packages\selenium\webdriver\remote\webdriver.py", line 504, in execute
    self.error_handler.check_response(response)
    ~~~~~~~~~~~~~~~~~~~~~~~~~~~~~~~~~^^^^^^^^^^
  File "C:\Users\USUARIO\AppData\Local\Programs\Python\Python314\Lib\site-packages\selenium\webdriver\remote\errorhandler.py", line 232, in check_response
    raise exception_class(message, screen, stacktrace)
selenium.common.exceptions.ElementClickInterceptedException: Message: element click intercepted: Element <button class="btn btn-primary" id="btn-registrar" onclick="registrar()">...</button> is not clickable at point (1751, 911). Other element would receive the click: <div class="status-bar">...</div>
  (Session info: chrome=151.0.7922.174); For documentation on this error, please visit: https://www.selenium.dev/documentation/webdriver/troubleshooting/errors#elementclickinterceptedexception
Stacktrace:
	chromedriver!GetHandleVerifier [0x7ff621b1abb5+151b5]
	chromedriver!GetHandleVerifier [0x7ff621b1ac10+15210]
	chromedriver!(No symbol) [0x7ff621645d6d]
	chromedriver!(No symbol) [0x7ff6216a90c5]
	chromedriver!(No symbol) [0x7ff6216a6cda]
	chromedriver!(No symbol) [0x7ff6216a4017]
	chromedriver!(No symbol) [0x7ff6216a2ec7]
	chromedriver!(No symbol) [0x7ff6216956f8]
	chromedriver!(No symbol) [0x7ff6216c9d0a]
	chromedriver!(No symbol) [0x7ff621694f76]
	chromedriver!(No symbol) [0x7ff6216eec0b]
	chromedriver!(No symbol) [0x7ff6216937cc]
	chromedriver!(No symbol) [0x7ff6216946f3]
	chromedriver!GetHandleVerifier [0x7ff62213b79b+635d9b]
	chromedriver!GetHandleVerifier [0x7ff622135ac6+6300c6]
	chromedriver!GetHandleVerifier [0x7ff62215bcee+6562ee]
	chromedriver!GetHandleVerifier [0x7ff621b38ffe+335fe]
	chromedriver!GetHandleVerifier [0x7ff621b4147c+3ba7c]
	chromedriver!GetHandleVerifier [0x7ff621b24d64+1f364]
	chromedriver!GetHandleVerifier [0x7ff621b24ef4+1f4f4]
	chromedriver!GetHandleVerifier [0x7ff621b07d97+2397]
	KERNEL32!BaseThreadInitThunk [0x7ff97a1f7374+14]
	ntdll!RtlUserThreadStart [0x7ff97ba9cc91+21]


During handling of the above exception, another exception occurred:

Traceback (most recent call last):
  File "D:\Universidad\Clases\D-CICLO-X-2026-2\CLASES\Data Science con Python\rpa_runner.py", line 139, in _safe_reset
    self._page.reset_form()
    ~~~~~~~~~~~~~~~~~~~~~^^
  File "D:\Universidad\Clases\D-CICLO-X-2026-2\CLASES\Data Science con Python\peoplesync_page.py", line 145, in reset_form
    btn.click()
    ~~~~~~~~~^^
  File "C:\Users\USUARIO\AppData\Local\Programs\Python\Python314\Lib\site-packages\selenium\webdriver\remote\webelement.py", line 114, in click
    self._execute(Command.CLICK_ELEMENT)
    ~~~~~~~~~~~~~^^^^^^^^^^^^^^^^^^^^^^^
  File "C:\Users\USUARIO\AppData\Local\Programs\Python\Python314\Lib\site-packages\selenium\webdriver\remote\webelement.py", line 508, in _execute
    return self._parent.execute(command, params)
           ~~~~~~~~~~~~~~~~~~~~^^^^^^^^^^^^^^^^^
  File "C:\Users\USUARIO\AppData\Local\Programs\Python\Python314\Lib\site-packages\selenium\webdriver\remote\webdriver.py", line 504, in execute
    self.error_handler.check_response(response)
    ~~~~~~~~~~~~~~~~~~~~~~~~~~~~~~~~~^^^^^^^^^^
  File "C:\Users\USUARIO\AppData\Local\Programs\Python\Python314\Lib\site-packages\selenium\webdriver\remote\errorhandler.py", line 232, in check_response
    raise exception_class(message, screen, stacktrace)
selenium.common.exceptions.ElementClickInterceptedException: Message: element click intercepted: Element <button class="btn btn-secondary" onclick="limpiarFormulario()">...</button> is not clickable at point (1611, 911). Other element would receive the click: <div class="status-bar">...</div>
  (Session info: chrome=151.0.7922.174); For documentation on this error, please visit: https://www.selenium.dev/documentation/webdriver/troubleshooting/errors#elementclickinterceptedexception
Stacktrace:
	chromedriver!GetHandleVerifier [0x7ff621b1abb5+151b5]
	chromedriver!GetHandleVerifier [0x7ff621b1ac10+15210]
	chromedriver!(No symbol) [0x7ff621645d6d]
	chromedriver!(No symbol) [0x7ff6216a90c5]
	chromedriver!(No symbol) [0x7ff6216a6cda]
	chromedriver!(No symbol) [0x7ff6216a4017]
	chromedriver!(No symbol) [0x7ff6216a2ec7]
	chromedriver!(No symbol) [0x7ff6216956f8]
	chromedriver!(No symbol) [0x7ff6216c9d0a]
	chromedriver!(No symbol) [0x7ff621694f76]
	chromedriver!(No symbol) [0x7ff6216eec0b]
	chromedriver!(No symbol) [0x7ff6216937cc]
	chromedriver!(No symbol) [0x7ff6216946f3]
	chromedriver!GetHandleVerifier [0x7ff62213b79b+635d9b]
	chromedriver!GetHandleVerifier [0x7ff622135ac6+6300c6]
	chromedriver!GetHandleVerifier [0x7ff62215bcee+6562ee]
	chromedriver!GetHandleVerifier [0x7ff621b38ffe+335fe]
	chromedriver!GetHandleVerifier [0x7ff621b4147c+3ba7c]
	chromedriver!GetHandleVerifier [0x7ff621b24d64+1f364]
	chromedriver!GetHandleVerifier [0x7ff621b24ef4+1f4f4]
	chromedriver!GetHandleVerifier [0x7ff621b07d97+2397]
	KERNEL32!BaseThreadInitThunk [0x7ff97a1f7374+14]
	ntdll!RtlUserThreadStart [0x7ff97ba9cc91+21]

2026-08-25 09:00:05,416 [WARNING] Registro 73119287 omitido (incompatible con el formulario): El valor 'No binario' del campo 'genero' no esta entre las opciones disponibles en el formulario.
2026-08-25 09:00:06,811 [ERROR] Error inesperado procesando el registro 56872115
Traceback (most recent call last):
  File "D:\Universidad\Clases\D-CICLO-X-2026-2\CLASES\Data Science con Python\rpa_runner.py", line 121, in _process_record
    outcome = self._page.submit_and_verify(record.dni)
  File "D:\Universidad\Clases\D-CICLO-X-2026-2\CLASES\Data Science con Python\peoplesync_page.py", line 94, in submit_and_verify
    btn.click()
    ~~~~~~~~~^^
  File "C:\Users\USUARIO\AppData\Local\Programs\Python\Python314\Lib\site-packages\selenium\webdriver\remote\webelement.py", line 114, in click
    self._execute(Command.CLICK_ELEMENT)
    ~~~~~~~~~~~~~^^^^^^^^^^^^^^^^^^^^^^^
  File "C:\Users\USUARIO\AppData\Local\Programs\Python\Python314\Lib\site-packages\selenium\webdriver\remote\webelement.py", line 508, in _execute
    return self._parent.execute(command, params)
           ~~~~~~~~~~~~~~~~~~~~^^^^^^^^^^^^^^^^^
  File "C:\Users\USUARIO\AppData\Local\Programs\Python\Python314\Lib\site-packages\selenium\webdriver\remote\webdriver.py", line 504, in execute
    self.error_handler.check_response(response)
    ~~~~~~~~~~~~~~~~~~~~~~~~~~~~~~~~~^^^^^^^^^^
  File "C:\Users\USUARIO\AppData\Local\Programs\Python\Python314\Lib\site-packages\selenium\webdriver\remote\errorhandler.py", line 232, in check_response
    raise exception_class(message, screen, stacktrace)
selenium.common.exceptions.ElementClickInterceptedException: Message: element click intercepted: Element <button class="btn btn-primary" id="btn-registrar" onclick="registrar()">...</button> is not clickable at point (1751, 911). Other element would receive the click: <div class="status-bar">...</div>
  (Session info: chrome=151.0.7922.174); For documentation on this error, please visit: https://www.selenium.dev/documentation/webdriver/troubleshooting/errors#elementclickinterceptedexception
Stacktrace:
	chromedriver!GetHandleVerifier [0x7ff621b1abb5+151b5]
	chromedriver!GetHandleVerifier [0x7ff621b1ac10+15210]
	chromedriver!(No symbol) [0x7ff621645d6d]
	chromedriver!(No symbol) [0x7ff6216a90c5]
	chromedriver!(No symbol) [0x7ff6216a6cda]
	chromedriver!(No symbol) [0x7ff6216a4017]
	chromedriver!(No symbol) [0x7ff6216a2ec7]
	chromedriver!(No symbol) [0x7ff6216956f8]
	chromedriver!(No symbol) [0x7ff6216c9d0a]
	chromedriver!(No symbol) [0x7ff621694f76]
	chromedriver!(No symbol) [0x7ff6216eec0b]
	chromedriver!(No symbol) [0x7ff6216937cc]
	chromedriver!(No symbol) [0x7ff6216946f3]
	chromedriver!GetHandleVerifier [0x7ff62213b79b+635d9b]
	chromedriver!GetHandleVerifier [0x7ff622135ac6+6300c6]
	chromedriver!GetHandleVerifier [0x7ff62215bcee+6562ee]
	chromedriver!GetHandleVerifier [0x7ff621b38ffe+335fe]
	chromedriver!GetHandleVerifier [0x7ff621b4147c+3ba7c]
	chromedriver!GetHandleVerifier [0x7ff621b24d64+1f364]
	chromedriver!GetHandleVerifier [0x7ff621b24ef4+1f4f4]
	chromedriver!GetHandleVerifier [0x7ff621b07d97+2397]
	KERNEL32!BaseThreadInitThunk [0x7ff97a1f7374+14]
	ntdll!RtlUserThreadStart [0x7ff97ba9cc91+21]

2026-08-25 09:00:07,893 [ERROR] No se pudo limpiar el formulario tras un fallo; se continua de todas formas.
Traceback (most recent call last):
  File "D:\Universidad\Clases\D-CICLO-X-2026-2\CLASES\Data Science con Python\rpa_runner.py", line 121, in _process_record
    outcome = self._page.submit_and_verify(record.dni)
  File "D:\Universidad\Clases\D-CICLO-X-2026-2\CLASES\Data Science con Python\peoplesync_page.py", line 94, in submit_and_verify
    btn.click()
    ~~~~~~~~~^^
  File "C:\Users\USUARIO\AppData\Local\Programs\Python\Python314\Lib\site-packages\selenium\webdriver\remote\webelement.py", line 114, in click
    self._execute(Command.CLICK_ELEMENT)
    ~~~~~~~~~~~~~^^^^^^^^^^^^^^^^^^^^^^^
  File "C:\Users\USUARIO\AppData\Local\Programs\Python\Python314\Lib\site-packages\selenium\webdriver\remote\webelement.py", line 508, in _execute
    return self._parent.execute(command, params)
           ~~~~~~~~~~~~~~~~~~~~^^^^^^^^^^^^^^^^^
  File "C:\Users\USUARIO\AppData\Local\Programs\Python\Python314\Lib\site-packages\selenium\webdriver\remote\webdriver.py", line 504, in execute
    self.error_handler.check_response(response)
    ~~~~~~~~~~~~~~~~~~~~~~~~~~~~~~~~~^^^^^^^^^^
  File "C:\Users\USUARIO\AppData\Local\Programs\Python\Python314\Lib\site-packages\selenium\webdriver\remote\errorhandler.py", line 232, in check_response
    raise exception_class(message, screen, stacktrace)
selenium.common.exceptions.ElementClickInterceptedException: Message: element click intercepted: Element <button class="btn btn-primary" id="btn-registrar" onclick="registrar()">...</button> is not clickable at point (1751, 911). Other element would receive the click: <div class="status-bar">...</div>
  (Session info: chrome=151.0.7922.174); For documentation on this error, please visit: https://www.selenium.dev/documentation/webdriver/troubleshooting/errors#elementclickinterceptedexception
Stacktrace:
	chromedriver!GetHandleVerifier [0x7ff621b1abb5+151b5]
	chromedriver!GetHandleVerifier [0x7ff621b1ac10+15210]
	chromedriver!(No symbol) [0x7ff621645d6d]
	chromedriver!(No symbol) [0x7ff6216a90c5]
	chromedriver!(No symbol) [0x7ff6216a6cda]
	chromedriver!(No symbol) [0x7ff6216a4017]
	chromedriver!(No symbol) [0x7ff6216a2ec7]
	chromedriver!(No symbol) [0x7ff6216956f8]
	chromedriver!(No symbol) [0x7ff6216c9d0a]
	chromedriver!(No symbol) [0x7ff621694f76]
	chromedriver!(No symbol) [0x7ff6216eec0b]
	chromedriver!(No symbol) [0x7ff6216937cc]
	chromedriver!(No symbol) [0x7ff6216946f3]
	chromedriver!GetHandleVerifier [0x7ff62213b79b+635d9b]
	chromedriver!GetHandleVerifier [0x7ff622135ac6+6300c6]
	chromedriver!GetHandleVerifier [0x7ff62215bcee+6562ee]
	chromedriver!GetHandleVerifier [0x7ff621b38ffe+335fe]
	chromedriver!GetHandleVerifier [0x7ff621b4147c+3ba7c]
	chromedriver!GetHandleVerifier [0x7ff621b24d64+1f364]
	chromedriver!GetHandleVerifier [0x7ff621b24ef4+1f4f4]
	chromedriver!GetHandleVerifier [0x7ff621b07d97+2397]
	KERNEL32!BaseThreadInitThunk [0x7ff97a1f7374+14]
	ntdll!RtlUserThreadStart [0x7ff97ba9cc91+21]


During handling of the above exception, another exception occurred:

Traceback (most recent call last):
  File "D:\Universidad\Clases\D-CICLO-X-2026-2\CLASES\Data Science con Python\rpa_runner.py", line 139, in _safe_reset
    self._page.reset_form()
    ~~~~~~~~~~~~~~~~~~~~~^^
  File "D:\Universidad\Clases\D-CICLO-X-2026-2\CLASES\Data Science con Python\peoplesync_page.py", line 145, in reset_form
    btn.click()
    ~~~~~~~~~^^
  File "C:\Users\USUARIO\AppData\Local\Programs\Python\Python314\Lib\site-packages\selenium\webdriver\remote\webelement.py", line 114, in click
    self._execute(Command.CLICK_ELEMENT)
    ~~~~~~~~~~~~~^^^^^^^^^^^^^^^^^^^^^^^
  File "C:\Users\USUARIO\AppData\Local\Programs\Python\Python314\Lib\site-packages\selenium\webdriver\remote\webelement.py", line 508, in _execute
    return self._parent.execute(command, params)
           ~~~~~~~~~~~~~~~~~~~~^^^^^^^^^^^^^^^^^
  File "C:\Users\USUARIO\AppData\Local\Programs\Python\Python314\Lib\site-packages\selenium\webdriver\remote\webdriver.py", line 504, in execute
    self.error_handler.check_response(response)
    ~~~~~~~~~~~~~~~~~~~~~~~~~~~~~~~~~^^^^^^^^^^
  File "C:\Users\USUARIO\AppData\Local\Programs\Python\Python314\Lib\site-packages\selenium\webdriver\remote\errorhandler.py", line 232, in check_response
    raise exception_class(message, screen, stacktrace)
selenium.common.exceptions.ElementClickInterceptedException: Message: element click intercepted: Element <button class="btn btn-secondary" onclick="limpiarFormulario()">...</button> is not clickable at point (1611, 911). Other element would receive the click: <div class="status-bar">...</div>
  (Session info: chrome=151.0.7922.174); For documentation on this error, please visit: https://www.selenium.dev/documentation/webdriver/troubleshooting/errors#elementclickinterceptedexception
Stacktrace:
	chromedriver!GetHandleVerifier [0x7ff621b1abb5+151b5]
	chromedriver!GetHandleVerifier [0x7ff621b1ac10+15210]
	chromedriver!(No symbol) [0x7ff621645d6d]
	chromedriver!(No symbol) [0x7ff6216a90c5]
	chromedriver!(No symbol) [0x7ff6216a6cda]
	chromedriver!(No symbol) [0x7ff6216a4017]
	chromedriver!(No symbol) [0x7ff6216a2ec7]
	chromedriver!(No symbol) [0x7ff6216956f8]
	chromedriver!(No symbol) [0x7ff6216c9d0a]
	chromedriver!(No symbol) [0x7ff621694f76]
	chromedriver!(No symbol) [0x7ff6216eec0b]
	chromedriver!(No symbol) [0x7ff6216937cc]
	chromedriver!(No symbol) [0x7ff6216946f3]
	chromedriver!GetHandleVerifier [0x7ff62213b79b+635d9b]
	chromedriver!GetHandleVerifier [0x7ff622135ac6+6300c6]
	chromedriver!GetHandleVerifier [0x7ff62215bcee+6562ee]
	chromedriver!GetHandleVerifier [0x7ff621b38ffe+335fe]
	chromedriver!GetHandleVerifier [0x7ff621b4147c+3ba7c]
	chromedriver!GetHandleVerifier [0x7ff621b24d64+1f364]
	chromedriver!GetHandleVerifier [0x7ff621b24ef4+1f4f4]
	chromedriver!GetHandleVerifier [0x7ff621b07d97+2397]
	KERNEL32!BaseThreadInitThunk [0x7ff97a1f7374+14]
	ntdll!RtlUserThreadStart [0x7ff97ba9cc91+21]

2026-08-25 09:00:07,906 [WARNING] Registro 57675739 omitido (incompatible con el formulario): El valor 'Prefiero no indicar' del campo 'genero' no esta entre las opciones disponibles en el formulario.
2026-08-25 09:00:09,275 [ERROR] Error inesperado procesando el registro 75591432
Traceback (most recent call last):
  File "D:\Universidad\Clases\D-CICLO-X-2026-2\CLASES\Data Science con Python\rpa_runner.py", line 121, in _process_record
    outcome = self._page.submit_and_verify(record.dni)
  File "D:\Universidad\Clases\D-CICLO-X-2026-2\CLASES\Data Science con Python\peoplesync_page.py", line 94, in submit_and_verify
    btn.click()
    ~~~~~~~~~^^
  File "C:\Users\USUARIO\AppData\Local\Programs\Python\Python314\Lib\site-packages\selenium\webdriver\remote\webelement.py", line 114, in click
    self._execute(Command.CLICK_ELEMENT)
    ~~~~~~~~~~~~~^^^^^^^^^^^^^^^^^^^^^^^
  File "C:\Users\USUARIO\AppData\Local\Programs\Python\Python314\Lib\site-packages\selenium\webdriver\remote\webelement.py", line 508, in _execute
    return self._parent.execute(command, params)
           ~~~~~~~~~~~~~~~~~~~~^^^^^^^^^^^^^^^^^
  File "C:\Users\USUARIO\AppData\Local\Programs\Python\Python314\Lib\site-packages\selenium\webdriver\remote\webdriver.py", line 504, in execute
    self.error_handler.check_response(response)
    ~~~~~~~~~~~~~~~~~~~~~~~~~~~~~~~~~^^^^^^^^^^
  File "C:\Users\USUARIO\AppData\Local\Programs\Python\Python314\Lib\site-packages\selenium\webdriver\remote\errorhandler.py", line 232, in check_response
    raise exception_class(message, screen, stacktrace)
selenium.common.exceptions.ElementClickInterceptedException: Message: element click intercepted: Element <button class="btn btn-primary" id="btn-registrar" onclick="registrar()">...</button> is not clickable at point (1751, 911). Other element would receive the click: <div class="status-bar">...</div>
  (Session info: chrome=151.0.7922.174); For documentation on this error, please visit: https://www.selenium.dev/documentation/webdriver/troubleshooting/errors#elementclickinterceptedexception
Stacktrace:
	chromedriver!GetHandleVerifier [0x7ff621b1abb5+151b5]
	chromedriver!GetHandleVerifier [0x7ff621b1ac10+15210]
	chromedriver!(No symbol) [0x7ff621645d6d]
	chromedriver!(No symbol) [0x7ff6216a90c5]
	chromedriver!(No symbol) [0x7ff6216a6cda]
	chromedriver!(No symbol) [0x7ff6216a4017]
	chromedriver!(No symbol) [0x7ff6216a2ec7]
	chromedriver!(No symbol) [0x7ff6216956f8]
	chromedriver!(No symbol) [0x7ff6216c9d0a]
	chromedriver!(No symbol) [0x7ff621694f76]
	chromedriver!(No symbol) [0x7ff6216eec0b]
	chromedriver!(No symbol) [0x7ff6216937cc]
	chromedriver!(No symbol) [0x7ff6216946f3]
	chromedriver!GetHandleVerifier [0x7ff62213b79b+635d9b]
	chromedriver!GetHandleVerifier [0x7ff622135ac6+6300c6]
	chromedriver!GetHandleVerifier [0x7ff62215bcee+6562ee]
	chromedriver!GetHandleVerifier [0x7ff621b38ffe+335fe]
	chromedriver!GetHandleVerifier [0x7ff621b4147c+3ba7c]
	chromedriver!GetHandleVerifier [0x7ff621b24d64+1f364]
	chromedriver!GetHandleVerifier [0x7ff621b24ef4+1f4f4]
	chromedriver!GetHandleVerifier [0x7ff621b07d97+2397]
	KERNEL32!BaseThreadInitThunk [0x7ff97a1f7374+14]
	ntdll!RtlUserThreadStart [0x7ff97ba9cc91+21]

2026-08-25 09:00:10,357 [ERROR] No se pudo limpiar el formulario tras un fallo; se continua de todas formas.
Traceback (most recent call last):
  File "D:\Universidad\Clases\D-CICLO-X-2026-2\CLASES\Data Science con Python\rpa_runner.py", line 121, in _process_record
    outcome = self._page.submit_and_verify(record.dni)
  File "D:\Universidad\Clases\D-CICLO-X-2026-2\CLASES\Data Science con Python\peoplesync_page.py", line 94, in submit_and_verify
    btn.click()
    ~~~~~~~~~^^
  File "C:\Users\USUARIO\AppData\Local\Programs\Python\Python314\Lib\site-packages\selenium\webdriver\remote\webelement.py", line 114, in click
    self._execute(Command.CLICK_ELEMENT)
    ~~~~~~~~~~~~~^^^^^^^^^^^^^^^^^^^^^^^
  File "C:\Users\USUARIO\AppData\Local\Programs\Python\Python314\Lib\site-packages\selenium\webdriver\remote\webelement.py", line 508, in _execute
    return self._parent.execute(command, params)
           ~~~~~~~~~~~~~~~~~~~~^^^^^^^^^^^^^^^^^
  File "C:\Users\USUARIO\AppData\Local\Programs\Python\Python314\Lib\site-packages\selenium\webdriver\remote\webdriver.py", line 504, in execute
    self.error_handler.check_response(response)
    ~~~~~~~~~~~~~~~~~~~~~~~~~~~~~~~~~^^^^^^^^^^
  File "C:\Users\USUARIO\AppData\Local\Programs\Python\Python314\Lib\site-packages\selenium\webdriver\remote\errorhandler.py", line 232, in check_response
    raise exception_class(message, screen, stacktrace)
selenium.common.exceptions.ElementClickInterceptedException: Message: element click intercepted: Element <button class="btn btn-primary" id="btn-registrar" onclick="registrar()">...</button> is not clickable at point (1751, 911). Other element would receive the click: <div class="status-bar">...</div>
  (Session info: chrome=151.0.7922.174); For documentation on this error, please visit: https://www.selenium.dev/documentation/webdriver/troubleshooting/errors#elementclickinterceptedexception
Stacktrace:
	chromedriver!GetHandleVerifier [0x7ff621b1abb5+151b5]
	chromedriver!GetHandleVerifier [0x7ff621b1ac10+15210]
	chromedriver!(No symbol) [0x7ff621645d6d]
	chromedriver!(No symbol) [0x7ff6216a90c5]
	chromedriver!(No symbol) [0x7ff6216a6cda]
	chromedriver!(No symbol) [0x7ff6216a4017]
	chromedriver!(No symbol) [0x7ff6216a2ec7]
	chromedriver!(No symbol) [0x7ff6216956f8]
	chromedriver!(No symbol) [0x7ff6216c9d0a]
	chromedriver!(No symbol) [0x7ff621694f76]
	chromedriver!(No symbol) [0x7ff6216eec0b]
	chromedriver!(No symbol) [0x7ff6216937cc]
	chromedriver!(No symbol) [0x7ff6216946f3]
	chromedriver!GetHandleVerifier [0x7ff62213b79b+635d9b]
	chromedriver!GetHandleVerifier [0x7ff622135ac6+6300c6]
	chromedriver!GetHandleVerifier [0x7ff62215bcee+6562ee]
	chromedriver!GetHandleVerifier [0x7ff621b38ffe+335fe]
	chromedriver!GetHandleVerifier [0x7ff621b4147c+3ba7c]
	chromedriver!GetHandleVerifier [0x7ff621b24d64+1f364]
	chromedriver!GetHandleVerifier [0x7ff621b24ef4+1f4f4]
	chromedriver!GetHandleVerifier [0x7ff621b07d97+2397]
	KERNEL32!BaseThreadInitThunk [0x7ff97a1f7374+14]
	ntdll!RtlUserThreadStart [0x7ff97ba9cc91+21]


During handling of the above exception, another exception occurred:

Traceback (most recent call last):
  File "D:\Universidad\Clases\D-CICLO-X-2026-2\CLASES\Data Science con Python\rpa_runner.py", line 139, in _safe_reset
    self._page.reset_form()
    ~~~~~~~~~~~~~~~~~~~~~^^
  File "D:\Universidad\Clases\D-CICLO-X-2026-2\CLASES\Data Science con Python\peoplesync_page.py", line 145, in reset_form
    btn.click()
    ~~~~~~~~~^^
  File "C:\Users\USUARIO\AppData\Local\Programs\Python\Python314\Lib\site-packages\selenium\webdriver\remote\webelement.py", line 114, in click
    self._execute(Command.CLICK_ELEMENT)
    ~~~~~~~~~~~~~^^^^^^^^^^^^^^^^^^^^^^^
  File "C:\Users\USUARIO\AppData\Local\Programs\Python\Python314\Lib\site-packages\selenium\webdriver\remote\webelement.py", line 508, in _execute
    return self._parent.execute(command, params)
           ~~~~~~~~~~~~~~~~~~~~^^^^^^^^^^^^^^^^^
  File "C:\Users\USUARIO\AppData\Local\Programs\Python\Python314\Lib\site-packages\selenium\webdriver\remote\webdriver.py", line 504, in execute
    self.error_handler.check_response(response)
    ~~~~~~~~~~~~~~~~~~~~~~~~~~~~~~~~~^^^^^^^^^^
  File "C:\Users\USUARIO\AppData\Local\Programs\Python\Python314\Lib\site-packages\selenium\webdriver\remote\errorhandler.py", line 232, in check_response
    raise exception_class(message, screen, stacktrace)
selenium.common.exceptions.ElementClickInterceptedException: Message: element click intercepted: Element <button class="btn btn-secondary" onclick="limpiarFormulario()">...</button> is not clickable at point (1611, 911). Other element would receive the click: <div class="status-bar">...</div>
  (Session info: chrome=151.0.7922.174); For documentation on this error, please visit: https://www.selenium.dev/documentation/webdriver/troubleshooting/errors#elementclickinterceptedexception
Stacktrace:
	chromedriver!GetHandleVerifier [0x7ff621b1abb5+151b5]
	chromedriver!GetHandleVerifier [0x7ff621b1ac10+15210]
	chromedriver!(No symbol) [0x7ff621645d6d]
	chromedriver!(No symbol) [0x7ff6216a90c5]
	chromedriver!(No symbol) [0x7ff6216a6cda]
	chromedriver!(No symbol) [0x7ff6216a4017]
	chromedriver!(No symbol) [0x7ff6216a2ec7]
	chromedriver!(No symbol) [0x7ff6216956f8]
	chromedriver!(No symbol) [0x7ff6216c9d0a]
	chromedriver!(No symbol) [0x7ff621694f76]
	chromedriver!(No symbol) [0x7ff6216eec0b]
	chromedriver!(No symbol) [0x7ff6216937cc]
	chromedriver!(No symbol) [0x7ff6216946f3]
	chromedriver!GetHandleVerifier [0x7ff62213b79b+635d9b]
	chromedriver!GetHandleVerifier [0x7ff622135ac6+6300c6]
	chromedriver!GetHandleVerifier [0x7ff62215bcee+6562ee]
	chromedriver!GetHandleVerifier [0x7ff621b38ffe+335fe]
	chromedriver!GetHandleVerifier [0x7ff621b4147c+3ba7c]
	chromedriver!GetHandleVerifier [0x7ff621b24d64+1f364]
	chromedriver!GetHandleVerifier [0x7ff621b24ef4+1f4f4]
	chromedriver!GetHandleVerifier [0x7ff621b07d97+2397]
	KERNEL32!BaseThreadInitThunk [0x7ff97a1f7374+14]
	ntdll!RtlUserThreadStart [0x7ff97ba9cc91+21]

2026-08-25 09:00:11,729 [ERROR] Error inesperado procesando el registro 72614267
Traceback (most recent call last):
  File "D:\Universidad\Clases\D-CICLO-X-2026-2\CLASES\Data Science con Python\rpa_runner.py", line 121, in _process_record
    outcome = self._page.submit_and_verify(record.dni)
  File "D:\Universidad\Clases\D-CICLO-X-2026-2\CLASES\Data Science con Python\peoplesync_page.py", line 94, in submit_and_verify
    btn.click()
    ~~~~~~~~~^^
  File "C:\Users\USUARIO\AppData\Local\Programs\Python\Python314\Lib\site-packages\selenium\webdriver\remote\webelement.py", line 114, in click
    self._execute(Command.CLICK_ELEMENT)
    ~~~~~~~~~~~~~^^^^^^^^^^^^^^^^^^^^^^^
  File "C:\Users\USUARIO\AppData\Local\Programs\Python\Python314\Lib\site-packages\selenium\webdriver\remote\webelement.py", line 508, in _execute
    return self._parent.execute(command, params)
           ~~~~~~~~~~~~~~~~~~~~^^^^^^^^^^^^^^^^^
  File "C:\Users\USUARIO\AppData\Local\Programs\Python\Python314\Lib\site-packages\selenium\webdriver\remote\webdriver.py", line 504, in execute
    self.error_handler.check_response(response)
    ~~~~~~~~~~~~~~~~~~~~~~~~~~~~~~~~~^^^^^^^^^^
  File "C:\Users\USUARIO\AppData\Local\Programs\Python\Python314\Lib\site-packages\selenium\webdriver\remote\errorhandler.py", line 232, in check_response
    raise exception_class(message, screen, stacktrace)
selenium.common.exceptions.ElementClickInterceptedException: Message: element click intercepted: Element <button class="btn btn-primary" id="btn-registrar" onclick="registrar()">...</button> is not clickable at point (1751, 911). Other element would receive the click: <div class="status-bar">...</div>
  (Session info: chrome=151.0.7922.174); For documentation on this error, please visit: https://www.selenium.dev/documentation/webdriver/troubleshooting/errors#elementclickinterceptedexception
Stacktrace:
	chromedriver!GetHandleVerifier [0x7ff621b1abb5+151b5]
	chromedriver!GetHandleVerifier [0x7ff621b1ac10+15210]
	chromedriver!(No symbol) [0x7ff621645d6d]
	chromedriver!(No symbol) [0x7ff6216a90c5]
	chromedriver!(No symbol) [0x7ff6216a6cda]
	chromedriver!(No symbol) [0x7ff6216a4017]
	chromedriver!(No symbol) [0x7ff6216a2ec7]
	chromedriver!(No symbol) [0x7ff6216956f8]
	chromedriver!(No symbol) [0x7ff6216c9d0a]
	chromedriver!(No symbol) [0x7ff621694f76]
	chromedriver!(No symbol) [0x7ff6216eec0b]
	chromedriver!(No symbol) [0x7ff6216937cc]
	chromedriver!(No symbol) [0x7ff6216946f3]
	chromedriver!GetHandleVerifier [0x7ff62213b79b+635d9b]
	chromedriver!GetHandleVerifier [0x7ff622135ac6+6300c6]
	chromedriver!GetHandleVerifier [0x7ff62215bcee+6562ee]
	chromedriver!GetHandleVerifier [0x7ff621b38ffe+335fe]
	chromedriver!GetHandleVerifier [0x7ff621b4147c+3ba7c]
	chromedriver!GetHandleVerifier [0x7ff621b24d64+1f364]
	chromedriver!GetHandleVerifier [0x7ff621b24ef4+1f4f4]
	chromedriver!GetHandleVerifier [0x7ff621b07d97+2397]
	KERNEL32!BaseThreadInitThunk [0x7ff97a1f7374+14]
	ntdll!RtlUserThreadStart [0x7ff97ba9cc91+21]

2026-08-25 09:00:12,798 [ERROR] No se pudo limpiar el formulario tras un fallo; se continua de todas formas.
Traceback (most recent call last):
  File "D:\Universidad\Clases\D-CICLO-X-2026-2\CLASES\Data Science con Python\rpa_runner.py", line 121, in _process_record
    outcome = self._page.submit_and_verify(record.dni)
  File "D:\Universidad\Clases\D-CICLO-X-2026-2\CLASES\Data Science con Python\peoplesync_page.py", line 94, in submit_and_verify
    btn.click()
    ~~~~~~~~~^^
  File "C:\Users\USUARIO\AppData\Local\Programs\Python\Python314\Lib\site-packages\selenium\webdriver\remote\webelement.py", line 114, in click
    self._execute(Command.CLICK_ELEMENT)
    ~~~~~~~~~~~~~^^^^^^^^^^^^^^^^^^^^^^^
  File "C:\Users\USUARIO\AppData\Local\Programs\Python\Python314\Lib\site-packages\selenium\webdriver\remote\webelement.py", line 508, in _execute
    return self._parent.execute(command, params)
           ~~~~~~~~~~~~~~~~~~~~^^^^^^^^^^^^^^^^^
  File "C:\Users\USUARIO\AppData\Local\Programs\Python\Python314\Lib\site-packages\selenium\webdriver\remote\webdriver.py", line 504, in execute
    self.error_handler.check_response(response)
    ~~~~~~~~~~~~~~~~~~~~~~~~~~~~~~~~~^^^^^^^^^^
  File "C:\Users\USUARIO\AppData\Local\Programs\Python\Python314\Lib\site-packages\selenium\webdriver\remote\errorhandler.py", line 232, in check_response
    raise exception_class(message, screen, stacktrace)
selenium.common.exceptions.ElementClickInterceptedException: Message: element click intercepted: Element <button class="btn btn-primary" id="btn-registrar" onclick="registrar()">...</button> is not clickable at point (1751, 911). Other element would receive the click: <div class="status-bar">...</div>
  (Session info: chrome=151.0.7922.174); For documentation on this error, please visit: https://www.selenium.dev/documentation/webdriver/troubleshooting/errors#elementclickinterceptedexception
Stacktrace:
	chromedriver!GetHandleVerifier [0x7ff621b1abb5+151b5]
	chromedriver!GetHandleVerifier [0x7ff621b1ac10+15210]
	chromedriver!(No symbol) [0x7ff621645d6d]
	chromedriver!(No symbol) [0x7ff6216a90c5]
	chromedriver!(No symbol) [0x7ff6216a6cda]
	chromedriver!(No symbol) [0x7ff6216a4017]
	chromedriver!(No symbol) [0x7ff6216a2ec7]
	chromedriver!(No symbol) [0x7ff6216956f8]
	chromedriver!(No symbol) [0x7ff6216c9d0a]
	chromedriver!(No symbol) [0x7ff621694f76]
	chromedriver!(No symbol) [0x7ff6216eec0b]
	chromedriver!(No symbol) [0x7ff6216937cc]
	chromedriver!(No symbol) [0x7ff6216946f3]
	chromedriver!GetHandleVerifier [0x7ff62213b79b+635d9b]
	chromedriver!GetHandleVerifier [0x7ff622135ac6+6300c6]
	chromedriver!GetHandleVerifier [0x7ff62215bcee+6562ee]
	chromedriver!GetHandleVerifier [0x7ff621b38ffe+335fe]
	chromedriver!GetHandleVerifier [0x7ff621b4147c+3ba7c]
	chromedriver!GetHandleVerifier [0x7ff621b24d64+1f364]
	chromedriver!GetHandleVerifier [0x7ff621b24ef4+1f4f4]
	chromedriver!GetHandleVerifier [0x7ff621b07d97+2397]
	KERNEL32!BaseThreadInitThunk [0x7ff97a1f7374+14]
	ntdll!RtlUserThreadStart [0x7ff97ba9cc91+21]


During handling of the above exception, another exception occurred:

Traceback (most recent call last):
  File "D:\Universidad\Clases\D-CICLO-X-2026-2\CLASES\Data Science con Python\rpa_runner.py", line 139, in _safe_reset
    self._page.reset_form()
    ~~~~~~~~~~~~~~~~~~~~~^^
  File "D:\Universidad\Clases\D-CICLO-X-2026-2\CLASES\Data Science con Python\peoplesync_page.py", line 145, in reset_form
    btn.click()
    ~~~~~~~~~^^
  File "C:\Users\USUARIO\AppData\Local\Programs\Python\Python314\Lib\site-packages\selenium\webdriver\remote\webelement.py", line 114, in click
    self._execute(Command.CLICK_ELEMENT)
    ~~~~~~~~~~~~~^^^^^^^^^^^^^^^^^^^^^^^
  File "C:\Users\USUARIO\AppData\Local\Programs\Python\Python314\Lib\site-packages\selenium\webdriver\remote\webelement.py", line 508, in _execute
    return self._parent.execute(command, params)
           ~~~~~~~~~~~~~~~~~~~~^^^^^^^^^^^^^^^^^
  File "C:\Users\USUARIO\AppData\Local\Programs\Python\Python314\Lib\site-packages\selenium\webdriver\remote\webdriver.py", line 504, in execute
    self.error_handler.check_response(response)
    ~~~~~~~~~~~~~~~~~~~~~~~~~~~~~~~~~^^^^^^^^^^
  File "C:\Users\USUARIO\AppData\Local\Programs\Python\Python314\Lib\site-packages\selenium\webdriver\remote\errorhandler.py", line 232, in check_response
    raise exception_class(message, screen, stacktrace)
selenium.common.exceptions.ElementClickInterceptedException: Message: element click intercepted: Element <button class="btn btn-secondary" onclick="limpiarFormulario()">...</button> is not clickable at point (1611, 911). Other element would receive the click: <div class="status-bar">...</div>
  (Session info: chrome=151.0.7922.174); For documentation on this error, please visit: https://www.selenium.dev/documentation/webdriver/troubleshooting/errors#elementclickinterceptedexception
Stacktrace:
	chromedriver!GetHandleVerifier [0x7ff621b1abb5+151b5]
	chromedriver!GetHandleVerifier [0x7ff621b1ac10+15210]
	chromedriver!(No symbol) [0x7ff621645d6d]
	chromedriver!(No symbol) [0x7ff6216a90c5]
	chromedriver!(No symbol) [0x7ff6216a6cda]
	chromedriver!(No symbol) [0x7ff6216a4017]
	chromedriver!(No symbol) [0x7ff6216a2ec7]
	chromedriver!(No symbol) [0x7ff6216956f8]
	chromedriver!(No symbol) [0x7ff6216c9d0a]
	chromedriver!(No symbol) [0x7ff621694f76]
	chromedriver!(No symbol) [0x7ff6216eec0b]
	chromedriver!(No symbol) [0x7ff6216937cc]
	chromedriver!(No symbol) [0x7ff6216946f3]
	chromedriver!GetHandleVerifier [0x7ff62213b79b+635d9b]
	chromedriver!GetHandleVerifier [0x7ff622135ac6+6300c6]
	chromedriver!GetHandleVerifier [0x7ff62215bcee+6562ee]
	chromedriver!GetHandleVerifier [0x7ff621b38ffe+335fe]
	chromedriver!GetHandleVerifier [0x7ff621b4147c+3ba7c]
	chromedriver!GetHandleVerifier [0x7ff621b24d64+1f364]
	chromedriver!GetHandleVerifier [0x7ff621b24ef4+1f4f4]
	chromedriver!GetHandleVerifier [0x7ff621b07d97+2397]
	KERNEL32!BaseThreadInitThunk [0x7ff97a1f7374+14]
	ntdll!RtlUserThreadStart [0x7ff97ba9cc91+21]

2026-08-25 09:00:12,803 [WARNING] Registro 54213536 omitido (incompatible con el formulario): El valor 'No binario' del campo 'genero' no esta entre las opciones disponibles en el formulario.
2026-08-25 09:00:12,803 [WARNING] Registro 44296705 omitido (incompatible con el formulario): El valor 'Prefiero no indicar' del campo 'genero' no esta entre las opciones disponibles en el formulario.
2026-08-25 09:00:14,181 [ERROR] Error inesperado procesando el registro 74504433
Traceback (most recent call last):
  File "D:\Universidad\Clases\D-CICLO-X-2026-2\CLASES\Data Science con Python\rpa_runner.py", line 121, in _process_record
    outcome = self._page.submit_and_verify(record.dni)
  File "D:\Universidad\Clases\D-CICLO-X-2026-2\CLASES\Data Science con Python\peoplesync_page.py", line 94, in submit_and_verify
    btn.click()
    ~~~~~~~~~^^
  File "C:\Users\USUARIO\AppData\Local\Programs\Python\Python314\Lib\site-packages\selenium\webdriver\remote\webelement.py", line 114, in click
    self._execute(Command.CLICK_ELEMENT)
    ~~~~~~~~~~~~~^^^^^^^^^^^^^^^^^^^^^^^
  File "C:\Users\USUARIO\AppData\Local\Programs\Python\Python314\Lib\site-packages\selenium\webdriver\remote\webelement.py", line 508, in _execute
    return self._parent.execute(command, params)
           ~~~~~~~~~~~~~~~~~~~~^^^^^^^^^^^^^^^^^
  File "C:\Users\USUARIO\AppData\Local\Programs\Python\Python314\Lib\site-packages\selenium\webdriver\remote\webdriver.py", line 504, in execute
    self.error_handler.check_response(response)
    ~~~~~~~~~~~~~~~~~~~~~~~~~~~~~~~~~^^^^^^^^^^
  File "C:\Users\USUARIO\AppData\Local\Programs\Python\Python314\Lib\site-packages\selenium\webdriver\remote\errorhandler.py", line 232, in check_response
    raise exception_class(message, screen, stacktrace)
selenium.common.exceptions.ElementClickInterceptedException: Message: element click intercepted: Element <button class="btn btn-primary" id="btn-registrar" onclick="registrar()">...</button> is not clickable at point (1751, 911). Other element would receive the click: <div class="status-bar">...</div>
  (Session info: chrome=151.0.7922.174); For documentation on this error, please visit: https://www.selenium.dev/documentation/webdriver/troubleshooting/errors#elementclickinterceptedexception
Stacktrace:
	chromedriver!GetHandleVerifier [0x7ff621b1abb5+151b5]
	chromedriver!GetHandleVerifier [0x7ff621b1ac10+15210]
	chromedriver!(No symbol) [0x7ff621645d6d]
	chromedriver!(No symbol) [0x7ff6216a90c5]
	chromedriver!(No symbol) [0x7ff6216a6cda]
	chromedriver!(No symbol) [0x7ff6216a4017]
	chromedriver!(No symbol) [0x7ff6216a2ec7]
	chromedriver!(No symbol) [0x7ff6216956f8]
	chromedriver!(No symbol) [0x7ff6216c9d0a]
	chromedriver!(No symbol) [0x7ff621694f76]
	chromedriver!(No symbol) [0x7ff6216eec0b]
	chromedriver!(No symbol) [0x7ff6216937cc]
	chromedriver!(No symbol) [0x7ff6216946f3]
	chromedriver!GetHandleVerifier [0x7ff62213b79b+635d9b]
	chromedriver!GetHandleVerifier [0x7ff622135ac6+6300c6]
	chromedriver!GetHandleVerifier [0x7ff62215bcee+6562ee]
	chromedriver!GetHandleVerifier [0x7ff621b38ffe+335fe]
	chromedriver!GetHandleVerifier [0x7ff621b4147c+3ba7c]
	chromedriver!GetHandleVerifier [0x7ff621b24d64+1f364]
	chromedriver!GetHandleVerifier [0x7ff621b24ef4+1f4f4]
	chromedriver!GetHandleVerifier [0x7ff621b07d97+2397]
	KERNEL32!BaseThreadInitThunk [0x7ff97a1f7374+14]
	ntdll!RtlUserThreadStart [0x7ff97ba9cc91+21]

2026-08-25 09:00:15,242 [ERROR] No se pudo limpiar el formulario tras un fallo; se continua de todas formas.
Traceback (most recent call last):
  File "D:\Universidad\Clases\D-CICLO-X-2026-2\CLASES\Data Science con Python\rpa_runner.py", line 121, in _process_record
    outcome = self._page.submit_and_verify(record.dni)
  File "D:\Universidad\Clases\D-CICLO-X-2026-2\CLASES\Data Science con Python\peoplesync_page.py", line 94, in submit_and_verify
    btn.click()
    ~~~~~~~~~^^
  File "C:\Users\USUARIO\AppData\Local\Programs\Python\Python314\Lib\site-packages\selenium\webdriver\remote\webelement.py", line 114, in click
    self._execute(Command.CLICK_ELEMENT)
    ~~~~~~~~~~~~~^^^^^^^^^^^^^^^^^^^^^^^
  File "C:\Users\USUARIO\AppData\Local\Programs\Python\Python314\Lib\site-packages\selenium\webdriver\remote\webelement.py", line 508, in _execute
    return self._parent.execute(command, params)
           ~~~~~~~~~~~~~~~~~~~~^^^^^^^^^^^^^^^^^
  File "C:\Users\USUARIO\AppData\Local\Programs\Python\Python314\Lib\site-packages\selenium\webdriver\remote\webdriver.py", line 504, in execute
    self.error_handler.check_response(response)
    ~~~~~~~~~~~~~~~~~~~~~~~~~~~~~~~~~^^^^^^^^^^
  File "C:\Users\USUARIO\AppData\Local\Programs\Python\Python314\Lib\site-packages\selenium\webdriver\remote\errorhandler.py", line 232, in check_response
    raise exception_class(message, screen, stacktrace)
selenium.common.exceptions.ElementClickInterceptedException: Message: element click intercepted: Element <button class="btn btn-primary" id="btn-registrar" onclick="registrar()">...</button> is not clickable at point (1751, 911). Other element would receive the click: <div class="status-bar">...</div>
  (Session info: chrome=151.0.7922.174); For documentation on this error, please visit: https://www.selenium.dev/documentation/webdriver/troubleshooting/errors#elementclickinterceptedexception
Stacktrace:
	chromedriver!GetHandleVerifier [0x7ff621b1abb5+151b5]
	chromedriver!GetHandleVerifier [0x7ff621b1ac10+15210]
	chromedriver!(No symbol) [0x7ff621645d6d]
	chromedriver!(No symbol) [0x7ff6216a90c5]
	chromedriver!(No symbol) [0x7ff6216a6cda]
	chromedriver!(No symbol) [0x7ff6216a4017]
	chromedriver!(No symbol) [0x7ff6216a2ec7]
	chromedriver!(No symbol) [0x7ff6216956f8]
	chromedriver!(No symbol) [0x7ff6216c9d0a]
	chromedriver!(No symbol) [0x7ff621694f76]
	chromedriver!(No symbol) [0x7ff6216eec0b]
	chromedriver!(No symbol) [0x7ff6216937cc]
	chromedriver!(No symbol) [0x7ff6216946f3]
	chromedriver!GetHandleVerifier [0x7ff62213b79b+635d9b]
	chromedriver!GetHandleVerifier [0x7ff622135ac6+6300c6]
	chromedriver!GetHandleVerifier [0x7ff62215bcee+6562ee]
	chromedriver!GetHandleVerifier [0x7ff621b38ffe+335fe]
	chromedriver!GetHandleVerifier [0x7ff621b4147c+3ba7c]
	chromedriver!GetHandleVerifier [0x7ff621b24d64+1f364]
	chromedriver!GetHandleVerifier [0x7ff621b24ef4+1f4f4]
	chromedriver!GetHandleVerifier [0x7ff621b07d97+2397]
	KERNEL32!BaseThreadInitThunk [0x7ff97a1f7374+14]
	ntdll!RtlUserThreadStart [0x7ff97ba9cc91+21]


During handling of the above exception, another exception occurred:

Traceback (most recent call last):
  File "D:\Universidad\Clases\D-CICLO-X-2026-2\CLASES\Data Science con Python\rpa_runner.py", line 139, in _safe_reset
    self._page.reset_form()
    ~~~~~~~~~~~~~~~~~~~~~^^
  File "D:\Universidad\Clases\D-CICLO-X-2026-2\CLASES\Data Science con Python\peoplesync_page.py", line 145, in reset_form
    btn.click()
    ~~~~~~~~~^^
  File "C:\Users\USUARIO\AppData\Local\Programs\Python\Python314\Lib\site-packages\selenium\webdriver\remote\webelement.py", line 114, in click
    self._execute(Command.CLICK_ELEMENT)
    ~~~~~~~~~~~~~^^^^^^^^^^^^^^^^^^^^^^^
  File "C:\Users\USUARIO\AppData\Local\Programs\Python\Python314\Lib\site-packages\selenium\webdriver\remote\webelement.py", line 508, in _execute
    return self._parent.execute(command, params)
           ~~~~~~~~~~~~~~~~~~~~^^^^^^^^^^^^^^^^^
  File "C:\Users\USUARIO\AppData\Local\Programs\Python\Python314\Lib\site-packages\selenium\webdriver\remote\webdriver.py", line 504, in execute
    self.error_handler.check_response(response)
    ~~~~~~~~~~~~~~~~~~~~~~~~~~~~~~~~~^^^^^^^^^^
  File "C:\Users\USUARIO\AppData\Local\Programs\Python\Python314\Lib\site-packages\selenium\webdriver\remote\errorhandler.py", line 232, in check_response
    raise exception_class(message, screen, stacktrace)
selenium.common.exceptions.ElementClickInterceptedException: Message: element click intercepted: Element <button class="btn btn-secondary" onclick="limpiarFormulario()">...</button> is not clickable at point (1611, 911). Other element would receive the click: <div class="status-bar">...</div>
  (Session info: chrome=151.0.7922.174); For documentation on this error, please visit: https://www.selenium.dev/documentation/webdriver/troubleshooting/errors#elementclickinterceptedexception
Stacktrace:
	chromedriver!GetHandleVerifier [0x7ff621b1abb5+151b5]
	chromedriver!GetHandleVerifier [0x7ff621b1ac10+15210]
	chromedriver!(No symbol) [0x7ff621645d6d]
	chromedriver!(No symbol) [0x7ff6216a90c5]
	chromedriver!(No symbol) [0x7ff6216a6cda]
	chromedriver!(No symbol) [0x7ff6216a4017]
	chromedriver!(No symbol) [0x7ff6216a2ec7]
	chromedriver!(No symbol) [0x7ff6216956f8]
	chromedriver!(No symbol) [0x7ff6216c9d0a]
	chromedriver!(No symbol) [0x7ff621694f76]
	chromedriver!(No symbol) [0x7ff6216eec0b]
	chromedriver!(No symbol) [0x7ff6216937cc]
	chromedriver!(No symbol) [0x7ff6216946f3]
	chromedriver!GetHandleVerifier [0x7ff62213b79b+635d9b]
	chromedriver!GetHandleVerifier [0x7ff622135ac6+6300c6]
	chromedriver!GetHandleVerifier [0x7ff62215bcee+6562ee]
	chromedriver!GetHandleVerifier [0x7ff621b38ffe+335fe]
	chromedriver!GetHandleVerifier [0x7ff621b4147c+3ba7c]
	chromedriver!GetHandleVerifier [0x7ff621b24d64+1f364]
	chromedriver!GetHandleVerifier [0x7ff621b24ef4+1f4f4]
	chromedriver!GetHandleVerifier [0x7ff621b07d97+2397]
	KERNEL32!BaseThreadInitThunk [0x7ff97a1f7374+14]
	ntdll!RtlUserThreadStart [0x7ff97ba9cc91+21]

2026-08-25 09:00:15,244 [WARNING] Registro 52778193 omitido (incompatible con el formulario): El valor 'Prefiero no indicar' del campo 'genero' no esta entre las opciones disponibles en el formulario.
2026-08-25 09:00:16,609 [ERROR] Error inesperado procesando el registro 56687044
Traceback (most recent call last):
  File "D:\Universidad\Clases\D-CICLO-X-2026-2\CLASES\Data Science con Python\rpa_runner.py", line 121, in _process_record
    outcome = self._page.submit_and_verify(record.dni)
  File "D:\Universidad\Clases\D-CICLO-X-2026-2\CLASES\Data Science con Python\peoplesync_page.py", line 94, in submit_and_verify
    btn.click()
    ~~~~~~~~~^^
  File "C:\Users\USUARIO\AppData\Local\Programs\Python\Python314\Lib\site-packages\selenium\webdriver\remote\webelement.py", line 114, in click
    self._execute(Command.CLICK_ELEMENT)
    ~~~~~~~~~~~~~^^^^^^^^^^^^^^^^^^^^^^^
  File "C:\Users\USUARIO\AppData\Local\Programs\Python\Python314\Lib\site-packages\selenium\webdriver\remote\webelement.py", line 508, in _execute
    return self._parent.execute(command, params)
           ~~~~~~~~~~~~~~~~~~~~^^^^^^^^^^^^^^^^^
  File "C:\Users\USUARIO\AppData\Local\Programs\Python\Python314\Lib\site-packages\selenium\webdriver\remote\webdriver.py", line 504, in execute
    self.error_handler.check_response(response)
    ~~~~~~~~~~~~~~~~~~~~~~~~~~~~~~~~~^^^^^^^^^^
  File "C:\Users\USUARIO\AppData\Local\Programs\Python\Python314\Lib\site-packages\selenium\webdriver\remote\errorhandler.py", line 232, in check_response
    raise exception_class(message, screen, stacktrace)
selenium.common.exceptions.ElementClickInterceptedException: Message: element click intercepted: Element <button class="btn btn-primary" id="btn-registrar" onclick="registrar()">...</button> is not clickable at point (1751, 911). Other element would receive the click: <div class="status-bar">...</div>
  (Session info: chrome=151.0.7922.174); For documentation on this error, please visit: https://www.selenium.dev/documentation/webdriver/troubleshooting/errors#elementclickinterceptedexception
Stacktrace:
	chromedriver!GetHandleVerifier [0x7ff621b1abb5+151b5]
	chromedriver!GetHandleVerifier [0x7ff621b1ac10+15210]
	chromedriver!(No symbol) [0x7ff621645d6d]
	chromedriver!(No symbol) [0x7ff6216a90c5]
	chromedriver!(No symbol) [0x7ff6216a6cda]
	chromedriver!(No symbol) [0x7ff6216a4017]
	chromedriver!(No symbol) [0x7ff6216a2ec7]
	chromedriver!(No symbol) [0x7ff6216956f8]
	chromedriver!(No symbol) [0x7ff6216c9d0a]
	chromedriver!(No symbol) [0x7ff621694f76]
	chromedriver!(No symbol) [0x7ff6216eec0b]
	chromedriver!(No symbol) [0x7ff6216937cc]
	chromedriver!(No symbol) [0x7ff6216946f3]
	chromedriver!GetHandleVerifier [0x7ff62213b79b+635d9b]
	chromedriver!GetHandleVerifier [0x7ff622135ac6+6300c6]
	chromedriver!GetHandleVerifier [0x7ff62215bcee+6562ee]
	chromedriver!GetHandleVerifier [0x7ff621b38ffe+335fe]
	chromedriver!GetHandleVerifier [0x7ff621b4147c+3ba7c]
	chromedriver!GetHandleVerifier [0x7ff621b24d64+1f364]
	chromedriver!GetHandleVerifier [0x7ff621b24ef4+1f4f4]
	chromedriver!GetHandleVerifier [0x7ff621b07d97+2397]
	KERNEL32!BaseThreadInitThunk [0x7ff97a1f7374+14]
	ntdll!RtlUserThreadStart [0x7ff97ba9cc91+21]

2026-08-25 09:00:17,679 [ERROR] No se pudo limpiar el formulario tras un fallo; se continua de todas formas.
Traceback (most recent call last):
  File "D:\Universidad\Clases\D-CICLO-X-2026-2\CLASES\Data Science con Python\rpa_runner.py", line 121, in _process_record
    outcome = self._page.submit_and_verify(record.dni)
  File "D:\Universidad\Clases\D-CICLO-X-2026-2\CLASES\Data Science con Python\peoplesync_page.py", line 94, in submit_and_verify
    btn.click()
    ~~~~~~~~~^^
  File "C:\Users\USUARIO\AppData\Local\Programs\Python\Python314\Lib\site-packages\selenium\webdriver\remote\webelement.py", line 114, in click
    self._execute(Command.CLICK_ELEMENT)
    ~~~~~~~~~~~~~^^^^^^^^^^^^^^^^^^^^^^^
  File "C:\Users\USUARIO\AppData\Local\Programs\Python\Python314\Lib\site-packages\selenium\webdriver\remote\webelement.py", line 508, in _execute
    return self._parent.execute(command, params)
           ~~~~~~~~~~~~~~~~~~~~^^^^^^^^^^^^^^^^^
  File "C:\Users\USUARIO\AppData\Local\Programs\Python\Python314\Lib\site-packages\selenium\webdriver\remote\webdriver.py", line 504, in execute
    self.error_handler.check_response(response)
    ~~~~~~~~~~~~~~~~~~~~~~~~~~~~~~~~~^^^^^^^^^^
  File "C:\Users\USUARIO\AppData\Local\Programs\Python\Python314\Lib\site-packages\selenium\webdriver\remote\errorhandler.py", line 232, in check_response
    raise exception_class(message, screen, stacktrace)
selenium.common.exceptions.ElementClickInterceptedException: Message: element click intercepted: Element <button class="btn btn-primary" id="btn-registrar" onclick="registrar()">...</button> is not clickable at point (1751, 911). Other element would receive the click: <div class="status-bar">...</div>
  (Session info: chrome=151.0.7922.174); For documentation on this error, please visit: https://www.selenium.dev/documentation/webdriver/troubleshooting/errors#elementclickinterceptedexception
Stacktrace:
	chromedriver!GetHandleVerifier [0x7ff621b1abb5+151b5]
	chromedriver!GetHandleVerifier [0x7ff621b1ac10+15210]
	chromedriver!(No symbol) [0x7ff621645d6d]
	chromedriver!(No symbol) [0x7ff6216a90c5]
	chromedriver!(No symbol) [0x7ff6216a6cda]
	chromedriver!(No symbol) [0x7ff6216a4017]
	chromedriver!(No symbol) [0x7ff6216a2ec7]
	chromedriver!(No symbol) [0x7ff6216956f8]
	chromedriver!(No symbol) [0x7ff6216c9d0a]
	chromedriver!(No symbol) [0x7ff621694f76]
	chromedriver!(No symbol) [0x7ff6216eec0b]
	chromedriver!(No symbol) [0x7ff6216937cc]
	chromedriver!(No symbol) [0x7ff6216946f3]
	chromedriver!GetHandleVerifier [0x7ff62213b79b+635d9b]
	chromedriver!GetHandleVerifier [0x7ff622135ac6+6300c6]
	chromedriver!GetHandleVerifier [0x7ff62215bcee+6562ee]
	chromedriver!GetHandleVerifier [0x7ff621b38ffe+335fe]
	chromedriver!GetHandleVerifier [0x7ff621b4147c+3ba7c]
	chromedriver!GetHandleVerifier [0x7ff621b24d64+1f364]
	chromedriver!GetHandleVerifier [0x7ff621b24ef4+1f4f4]
	chromedriver!GetHandleVerifier [0x7ff621b07d97+2397]
	KERNEL32!BaseThreadInitThunk [0x7ff97a1f7374+14]
	ntdll!RtlUserThreadStart [0x7ff97ba9cc91+21]


During handling of the above exception, another exception occurred:

Traceback (most recent call last):
  File "D:\Universidad\Clases\D-CICLO-X-2026-2\CLASES\Data Science con Python\rpa_runner.py", line 139, in _safe_reset
    self._page.reset_form()
    ~~~~~~~~~~~~~~~~~~~~~^^
  File "D:\Universidad\Clases\D-CICLO-X-2026-2\CLASES\Data Science con Python\peoplesync_page.py", line 145, in reset_form
    btn.click()
    ~~~~~~~~~^^
  File "C:\Users\USUARIO\AppData\Local\Programs\Python\Python314\Lib\site-packages\selenium\webdriver\remote\webelement.py", line 114, in click
    self._execute(Command.CLICK_ELEMENT)
    ~~~~~~~~~~~~~^^^^^^^^^^^^^^^^^^^^^^^
  File "C:\Users\USUARIO\AppData\Local\Programs\Python\Python314\Lib\site-packages\selenium\webdriver\remote\webelement.py", line 508, in _execute
    return self._parent.execute(command, params)
           ~~~~~~~~~~~~~~~~~~~~^^^^^^^^^^^^^^^^^
  File "C:\Users\USUARIO\AppData\Local\Programs\Python\Python314\Lib\site-packages\selenium\webdriver\remote\webdriver.py", line 504, in execute
    self.error_handler.check_response(response)
    ~~~~~~~~~~~~~~~~~~~~~~~~~~~~~~~~~^^^^^^^^^^
  File "C:\Users\USUARIO\AppData\Local\Programs\Python\Python314\Lib\site-packages\selenium\webdriver\remote\errorhandler.py", line 232, in check_response
    raise exception_class(message, screen, stacktrace)
selenium.common.exceptions.ElementClickInterceptedException: Message: element click intercepted: Element <button class="btn btn-secondary" onclick="limpiarFormulario()">...</button> is not clickable at point (1611, 911). Other element would receive the click: <div class="status-bar">...</div>
  (Session info: chrome=151.0.7922.174); For documentation on this error, please visit: https://www.selenium.dev/documentation/webdriver/troubleshooting/errors#elementclickinterceptedexception
Stacktrace:
	chromedriver!GetHandleVerifier [0x7ff621b1abb5+151b5]
	chromedriver!GetHandleVerifier [0x7ff621b1ac10+15210]
	chromedriver!(No symbol) [0x7ff621645d6d]
	chromedriver!(No symbol) [0x7ff6216a90c5]
	chromedriver!(No symbol) [0x7ff6216a6cda]
	chromedriver!(No symbol) [0x7ff6216a4017]
	chromedriver!(No symbol) [0x7ff6216a2ec7]
	chromedriver!(No symbol) [0x7ff6216956f8]
	chromedriver!(No symbol) [0x7ff6216c9d0a]
	chromedriver!(No symbol) [0x7ff621694f76]
	chromedriver!(No symbol) [0x7ff6216eec0b]
	chromedriver!(No symbol) [0x7ff6216937cc]
	chromedriver!(No symbol) [0x7ff6216946f3]
	chromedriver!GetHandleVerifier [0x7ff62213b79b+635d9b]
	chromedriver!GetHandleVerifier [0x7ff622135ac6+6300c6]
	chromedriver!GetHandleVerifier [0x7ff62215bcee+6562ee]
	chromedriver!GetHandleVerifier [0x7ff621b38ffe+335fe]
	chromedriver!GetHandleVerifier [0x7ff621b4147c+3ba7c]
	chromedriver!GetHandleVerifier [0x7ff621b24d64+1f364]
	chromedriver!GetHandleVerifier [0x7ff621b24ef4+1f4f4]
	chromedriver!GetHandleVerifier [0x7ff621b07d97+2397]
	KERNEL32!BaseThreadInitThunk [0x7ff97a1f7374+14]
	ntdll!RtlUserThreadStart [0x7ff97ba9cc91+21]

2026-08-25 09:00:17,683 [WARNING] Registro 76931706 omitido (incompatible con el formulario): El valor 'Prefiero no indicar' del campo 'genero' no esta entre las opciones disponibles en el formulario.
2026-08-25 09:00:17,684 [WARNING] Registro 43934955 omitido (incompatible con el formulario): El valor 'Prefiero no indicar' del campo 'genero' no esta entre las opciones disponibles en el formulario.
2026-08-25 09:00:17,684 [WARNING] Registro 54609659 omitido (incompatible con el formulario): El valor 'Prefiero no indicar' del campo 'genero' no esta entre las opciones disponibles en el formulario.
2026-08-25 09:00:17,684 [WARNING] Registro 43817123 omitido (incompatible con el formulario): El valor 'Prefiero no indicar' del campo 'genero' no esta entre las opciones disponibles en el formulario.
2026-08-25 09:00:17,684 [WARNING] Registro 78850600 omitido (incompatible con el formulario): El valor 'Prefiero no indicar' del campo 'genero' no esta entre las opciones disponibles en el formulario.
2026-08-25 09:00:19,069 [ERROR] Error inesperado procesando el registro 70683821
Traceback (most recent call last):
  File "D:\Universidad\Clases\D-CICLO-X-2026-2\CLASES\Data Science con Python\rpa_runner.py", line 121, in _process_record
    outcome = self._page.submit_and_verify(record.dni)
  File "D:\Universidad\Clases\D-CICLO-X-2026-2\CLASES\Data Science con Python\peoplesync_page.py", line 94, in submit_and_verify
    btn.click()
    ~~~~~~~~~^^
  File "C:\Users\USUARIO\AppData\Local\Programs\Python\Python314\Lib\site-packages\selenium\webdriver\remote\webelement.py", line 114, in click
    self._execute(Command.CLICK_ELEMENT)
    ~~~~~~~~~~~~~^^^^^^^^^^^^^^^^^^^^^^^
  File "C:\Users\USUARIO\AppData\Local\Programs\Python\Python314\Lib\site-packages\selenium\webdriver\remote\webelement.py", line 508, in _execute
    return self._parent.execute(command, params)
           ~~~~~~~~~~~~~~~~~~~~^^^^^^^^^^^^^^^^^
  File "C:\Users\USUARIO\AppData\Local\Programs\Python\Python314\Lib\site-packages\selenium\webdriver\remote\webdriver.py", line 504, in execute
    self.error_handler.check_response(response)
    ~~~~~~~~~~~~~~~~~~~~~~~~~~~~~~~~~^^^^^^^^^^
  File "C:\Users\USUARIO\AppData\Local\Programs\Python\Python314\Lib\site-packages\selenium\webdriver\remote\errorhandler.py", line 232, in check_response
    raise exception_class(message, screen, stacktrace)
selenium.common.exceptions.ElementClickInterceptedException: Message: element click intercepted: Element <button class="btn btn-primary" id="btn-registrar" onclick="registrar()">...</button> is not clickable at point (1751, 911). Other element would receive the click: <div class="status-bar">...</div>
  (Session info: chrome=151.0.7922.174); For documentation on this error, please visit: https://www.selenium.dev/documentation/webdriver/troubleshooting/errors#elementclickinterceptedexception
Stacktrace:
	chromedriver!GetHandleVerifier [0x7ff621b1abb5+151b5]
	chromedriver!GetHandleVerifier [0x7ff621b1ac10+15210]
	chromedriver!(No symbol) [0x7ff621645d6d]
	chromedriver!(No symbol) [0x7ff6216a90c5]
	chromedriver!(No symbol) [0x7ff6216a6cda]
	chromedriver!(No symbol) [0x7ff6216a4017]
	chromedriver!(No symbol) [0x7ff6216a2ec7]
	chromedriver!(No symbol) [0x7ff6216956f8]
	chromedriver!(No symbol) [0x7ff6216c9d0a]
	chromedriver!(No symbol) [0x7ff621694f76]
	chromedriver!(No symbol) [0x7ff6216eec0b]
	chromedriver!(No symbol) [0x7ff6216937cc]
	chromedriver!(No symbol) [0x7ff6216946f3]
	chromedriver!GetHandleVerifier [0x7ff62213b79b+635d9b]
	chromedriver!GetHandleVerifier [0x7ff622135ac6+6300c6]
	chromedriver!GetHandleVerifier [0x7ff62215bcee+6562ee]
	chromedriver!GetHandleVerifier [0x7ff621b38ffe+335fe]
	chromedriver!GetHandleVerifier [0x7ff621b4147c+3ba7c]
	chromedriver!GetHandleVerifier [0x7ff621b24d64+1f364]
	chromedriver!GetHandleVerifier [0x7ff621b24ef4+1f4f4]
	chromedriver!GetHandleVerifier [0x7ff621b07d97+2397]
	KERNEL32!BaseThreadInitThunk [0x7ff97a1f7374+14]
	ntdll!RtlUserThreadStart [0x7ff97ba9cc91+21]

2026-08-25 09:00:20,130 [ERROR] No se pudo limpiar el formulario tras un fallo; se continua de todas formas.
Traceback (most recent call last):
  File "D:\Universidad\Clases\D-CICLO-X-2026-2\CLASES\Data Science con Python\rpa_runner.py", line 121, in _process_record
    outcome = self._page.submit_and_verify(record.dni)
  File "D:\Universidad\Clases\D-CICLO-X-2026-2\CLASES\Data Science con Python\peoplesync_page.py", line 94, in submit_and_verify
    btn.click()
    ~~~~~~~~~^^
  File "C:\Users\USUARIO\AppData\Local\Programs\Python\Python314\Lib\site-packages\selenium\webdriver\remote\webelement.py", line 114, in click
    self._execute(Command.CLICK_ELEMENT)
    ~~~~~~~~~~~~~^^^^^^^^^^^^^^^^^^^^^^^
  File "C:\Users\USUARIO\AppData\Local\Programs\Python\Python314\Lib\site-packages\selenium\webdriver\remote\webelement.py", line 508, in _execute
    return self._parent.execute(command, params)
           ~~~~~~~~~~~~~~~~~~~~^^^^^^^^^^^^^^^^^
  File "C:\Users\USUARIO\AppData\Local\Programs\Python\Python314\Lib\site-packages\selenium\webdriver\remote\webdriver.py", line 504, in execute
    self.error_handler.check_response(response)
    ~~~~~~~~~~~~~~~~~~~~~~~~~~~~~~~~~^^^^^^^^^^
  File "C:\Users\USUARIO\AppData\Local\Programs\Python\Python314\Lib\site-packages\selenium\webdriver\remote\errorhandler.py", line 232, in check_response
    raise exception_class(message, screen, stacktrace)
selenium.common.exceptions.ElementClickInterceptedException: Message: element click intercepted: Element <button class="btn btn-primary" id="btn-registrar" onclick="registrar()">...</button> is not clickable at point (1751, 911). Other element would receive the click: <div class="status-bar">...</div>
  (Session info: chrome=151.0.7922.174); For documentation on this error, please visit: https://www.selenium.dev/documentation/webdriver/troubleshooting/errors#elementclickinterceptedexception
Stacktrace:
	chromedriver!GetHandleVerifier [0x7ff621b1abb5+151b5]
	chromedriver!GetHandleVerifier [0x7ff621b1ac10+15210]
	chromedriver!(No symbol) [0x7ff621645d6d]
	chromedriver!(No symbol) [0x7ff6216a90c5]
	chromedriver!(No symbol) [0x7ff6216a6cda]
	chromedriver!(No symbol) [0x7ff6216a4017]
	chromedriver!(No symbol) [0x7ff6216a2ec7]
	chromedriver!(No symbol) [0x7ff6216956f8]
	chromedriver!(No symbol) [0x7ff6216c9d0a]
	chromedriver!(No symbol) [0x7ff621694f76]
	chromedriver!(No symbol) [0x7ff6216eec0b]
	chromedriver!(No symbol) [0x7ff6216937cc]
	chromedriver!(No symbol) [0x7ff6216946f3]
	chromedriver!GetHandleVerifier [0x7ff62213b79b+635d9b]
	chromedriver!GetHandleVerifier [0x7ff622135ac6+6300c6]
	chromedriver!GetHandleVerifier [0x7ff62215bcee+6562ee]
	chromedriver!GetHandleVerifier [0x7ff621b38ffe+335fe]
	chromedriver!GetHandleVerifier [0x7ff621b4147c+3ba7c]
	chromedriver!GetHandleVerifier [0x7ff621b24d64+1f364]
	chromedriver!GetHandleVerifier [0x7ff621b24ef4+1f4f4]
	chromedriver!GetHandleVerifier [0x7ff621b07d97+2397]
	KERNEL32!BaseThreadInitThunk [0x7ff97a1f7374+14]
	ntdll!RtlUserThreadStart [0x7ff97ba9cc91+21]


During handling of the above exception, another exception occurred:

Traceback (most recent call last):
  File "D:\Universidad\Clases\D-CICLO-X-2026-2\CLASES\Data Science con Python\rpa_runner.py", line 139, in _safe_reset
    self._page.reset_form()
    ~~~~~~~~~~~~~~~~~~~~~^^
  File "D:\Universidad\Clases\D-CICLO-X-2026-2\CLASES\Data Science con Python\peoplesync_page.py", line 145, in reset_form
    btn.click()
    ~~~~~~~~~^^
  File "C:\Users\USUARIO\AppData\Local\Programs\Python\Python314\Lib\site-packages\selenium\webdriver\remote\webelement.py", line 114, in click
    self._execute(Command.CLICK_ELEMENT)
    ~~~~~~~~~~~~~^^^^^^^^^^^^^^^^^^^^^^^
  File "C:\Users\USUARIO\AppData\Local\Programs\Python\Python314\Lib\site-packages\selenium\webdriver\remote\webelement.py", line 508, in _execute
    return self._parent.execute(command, params)
           ~~~~~~~~~~~~~~~~~~~~^^^^^^^^^^^^^^^^^
  File "C:\Users\USUARIO\AppData\Local\Programs\Python\Python314\Lib\site-packages\selenium\webdriver\remote\webdriver.py", line 504, in execute
    self.error_handler.check_response(response)
    ~~~~~~~~~~~~~~~~~~~~~~~~~~~~~~~~~^^^^^^^^^^
  File "C:\Users\USUARIO\AppData\Local\Programs\Python\Python314\Lib\site-packages\selenium\webdriver\remote\errorhandler.py", line 232, in check_response
    raise exception_class(message, screen, stacktrace)
selenium.common.exceptions.ElementClickInterceptedException: Message: element click intercepted: Element <button class="btn btn-secondary" onclick="limpiarFormulario()">...</button> is not clickable at point (1611, 911). Other element would receive the click: <div class="status-bar">...</div>
  (Session info: chrome=151.0.7922.174); For documentation on this error, please visit: https://www.selenium.dev/documentation/webdriver/troubleshooting/errors#elementclickinterceptedexception
Stacktrace:
	chromedriver!GetHandleVerifier [0x7ff621b1abb5+151b5]
	chromedriver!GetHandleVerifier [0x7ff621b1ac10+15210]
	chromedriver!(No symbol) [0x7ff621645d6d]
	chromedriver!(No symbol) [0x7ff6216a90c5]
	chromedriver!(No symbol) [0x7ff6216a6cda]
	chromedriver!(No symbol) [0x7ff6216a4017]
	chromedriver!(No symbol) [0x7ff6216a2ec7]
	chromedriver!(No symbol) [0x7ff6216956f8]
	chromedriver!(No symbol) [0x7ff6216c9d0a]
	chromedriver!(No symbol) [0x7ff621694f76]
	chromedriver!(No symbol) [0x7ff6216eec0b]
	chromedriver!(No symbol) [0x7ff6216937cc]
	chromedriver!(No symbol) [0x7ff6216946f3]
	chromedriver!GetHandleVerifier [0x7ff62213b79b+635d9b]
	chromedriver!GetHandleVerifier [0x7ff622135ac6+6300c6]
	chromedriver!GetHandleVerifier [0x7ff62215bcee+6562ee]
	chromedriver!GetHandleVerifier [0x7ff621b38ffe+335fe]
	chromedriver!GetHandleVerifier [0x7ff621b4147c+3ba7c]
	chromedriver!GetHandleVerifier [0x7ff621b24d64+1f364]
	chromedriver!GetHandleVerifier [0x7ff621b24ef4+1f4f4]
	chromedriver!GetHandleVerifier [0x7ff621b07d97+2397]
	KERNEL32!BaseThreadInitThunk [0x7ff97a1f7374+14]
	ntdll!RtlUserThreadStart [0x7ff97ba9cc91+21]

2026-08-25 09:00:21,563 [ERROR] Error inesperado procesando el registro 64798543
Traceback (most recent call last):
  File "D:\Universidad\Clases\D-CICLO-X-2026-2\CLASES\Data Science con Python\rpa_runner.py", line 121, in _process_record
    outcome = self._page.submit_and_verify(record.dni)
  File "D:\Universidad\Clases\D-CICLO-X-2026-2\CLASES\Data Science con Python\peoplesync_page.py", line 94, in submit_and_verify
    btn.click()
    ~~~~~~~~~^^
  File "C:\Users\USUARIO\AppData\Local\Programs\Python\Python314\Lib\site-packages\selenium\webdriver\remote\webelement.py", line 114, in click
    self._execute(Command.CLICK_ELEMENT)
    ~~~~~~~~~~~~~^^^^^^^^^^^^^^^^^^^^^^^
  File "C:\Users\USUARIO\AppData\Local\Programs\Python\Python314\Lib\site-packages\selenium\webdriver\remote\webelement.py", line 508, in _execute
    return self._parent.execute(command, params)
           ~~~~~~~~~~~~~~~~~~~~^^^^^^^^^^^^^^^^^
  File "C:\Users\USUARIO\AppData\Local\Programs\Python\Python314\Lib\site-packages\selenium\webdriver\remote\webdriver.py", line 504, in execute
    self.error_handler.check_response(response)
    ~~~~~~~~~~~~~~~~~~~~~~~~~~~~~~~~~^^^^^^^^^^
  File "C:\Users\USUARIO\AppData\Local\Programs\Python\Python314\Lib\site-packages\selenium\webdriver\remote\errorhandler.py", line 232, in check_response
    raise exception_class(message, screen, stacktrace)
selenium.common.exceptions.ElementClickInterceptedException: Message: element click intercepted: Element <button class="btn btn-primary" id="btn-registrar" onclick="registrar()">...</button> is not clickable at point (1751, 911). Other element would receive the click: <div class="status-bar">...</div>
  (Session info: chrome=151.0.7922.174); For documentation on this error, please visit: https://www.selenium.dev/documentation/webdriver/troubleshooting/errors#elementclickinterceptedexception
Stacktrace:
	chromedriver!GetHandleVerifier [0x7ff621b1abb5+151b5]
	chromedriver!GetHandleVerifier [0x7ff621b1ac10+15210]
	chromedriver!(No symbol) [0x7ff621645d6d]
	chromedriver!(No symbol) [0x7ff6216a90c5]
	chromedriver!(No symbol) [0x7ff6216a6cda]
	chromedriver!(No symbol) [0x7ff6216a4017]
	chromedriver!(No symbol) [0x7ff6216a2ec7]
	chromedriver!(No symbol) [0x7ff6216956f8]
	chromedriver!(No symbol) [0x7ff6216c9d0a]
	chromedriver!(No symbol) [0x7ff621694f76]
	chromedriver!(No symbol) [0x7ff6216eec0b]
	chromedriver!(No symbol) [0x7ff6216937cc]
	chromedriver!(No symbol) [0x7ff6216946f3]
	chromedriver!GetHandleVerifier [0x7ff62213b79b+635d9b]
	chromedriver!GetHandleVerifier [0x7ff622135ac6+6300c6]
	chromedriver!GetHandleVerifier [0x7ff62215bcee+6562ee]
	chromedriver!GetHandleVerifier [0x7ff621b38ffe+335fe]
	chromedriver!GetHandleVerifier [0x7ff621b4147c+3ba7c]
	chromedriver!GetHandleVerifier [0x7ff621b24d64+1f364]
	chromedriver!GetHandleVerifier [0x7ff621b24ef4+1f4f4]
	chromedriver!GetHandleVerifier [0x7ff621b07d97+2397]
	KERNEL32!BaseThreadInitThunk [0x7ff97a1f7374+14]
	ntdll!RtlUserThreadStart [0x7ff97ba9cc91+21]

2026-08-25 09:00:22,639 [ERROR] No se pudo limpiar el formulario tras un fallo; se continua de todas formas.
Traceback (most recent call last):
  File "D:\Universidad\Clases\D-CICLO-X-2026-2\CLASES\Data Science con Python\rpa_runner.py", line 121, in _process_record
    outcome = self._page.submit_and_verify(record.dni)
  File "D:\Universidad\Clases\D-CICLO-X-2026-2\CLASES\Data Science con Python\peoplesync_page.py", line 94, in submit_and_verify
    btn.click()
    ~~~~~~~~~^^
  File "C:\Users\USUARIO\AppData\Local\Programs\Python\Python314\Lib\site-packages\selenium\webdriver\remote\webelement.py", line 114, in click
    self._execute(Command.CLICK_ELEMENT)
    ~~~~~~~~~~~~~^^^^^^^^^^^^^^^^^^^^^^^
  File "C:\Users\USUARIO\AppData\Local\Programs\Python\Python314\Lib\site-packages\selenium\webdriver\remote\webelement.py", line 508, in _execute
    return self._parent.execute(command, params)
           ~~~~~~~~~~~~~~~~~~~~^^^^^^^^^^^^^^^^^
  File "C:\Users\USUARIO\AppData\Local\Programs\Python\Python314\Lib\site-packages\selenium\webdriver\remote\webdriver.py", line 504, in execute
    self.error_handler.check_response(response)
    ~~~~~~~~~~~~~~~~~~~~~~~~~~~~~~~~~^^^^^^^^^^
  File "C:\Users\USUARIO\AppData\Local\Programs\Python\Python314\Lib\site-packages\selenium\webdriver\remote\errorhandler.py", line 232, in check_response
    raise exception_class(message, screen, stacktrace)
selenium.common.exceptions.ElementClickInterceptedException: Message: element click intercepted: Element <button class="btn btn-primary" id="btn-registrar" onclick="registrar()">...</button> is not clickable at point (1751, 911). Other element would receive the click: <div class="status-bar">...</div>
  (Session info: chrome=151.0.7922.174); For documentation on this error, please visit: https://www.selenium.dev/documentation/webdriver/troubleshooting/errors#elementclickinterceptedexception
Stacktrace:
	chromedriver!GetHandleVerifier [0x7ff621b1abb5+151b5]
	chromedriver!GetHandleVerifier [0x7ff621b1ac10+15210]
	chromedriver!(No symbol) [0x7ff621645d6d]
	chromedriver!(No symbol) [0x7ff6216a90c5]
	chromedriver!(No symbol) [0x7ff6216a6cda]
	chromedriver!(No symbol) [0x7ff6216a4017]
	chromedriver!(No symbol) [0x7ff6216a2ec7]
	chromedriver!(No symbol) [0x7ff6216956f8]
	chromedriver!(No symbol) [0x7ff6216c9d0a]
	chromedriver!(No symbol) [0x7ff621694f76]
	chromedriver!(No symbol) [0x7ff6216eec0b]
	chromedriver!(No symbol) [0x7ff6216937cc]
	chromedriver!(No symbol) [0x7ff6216946f3]
	chromedriver!GetHandleVerifier [0x7ff62213b79b+635d9b]
	chromedriver!GetHandleVerifier [0x7ff622135ac6+6300c6]
	chromedriver!GetHandleVerifier [0x7ff62215bcee+6562ee]
	chromedriver!GetHandleVerifier [0x7ff621b38ffe+335fe]
	chromedriver!GetHandleVerifier [0x7ff621b4147c+3ba7c]
	chromedriver!GetHandleVerifier [0x7ff621b24d64+1f364]
	chromedriver!GetHandleVerifier [0x7ff621b24ef4+1f4f4]
	chromedriver!GetHandleVerifier [0x7ff621b07d97+2397]
	KERNEL32!BaseThreadInitThunk [0x7ff97a1f7374+14]
	ntdll!RtlUserThreadStart [0x7ff97ba9cc91+21]


During handling of the above exception, another exception occurred:

Traceback (most recent call last):
  File "D:\Universidad\Clases\D-CICLO-X-2026-2\CLASES\Data Science con Python\rpa_runner.py", line 139, in _safe_reset
    self._page.reset_form()
    ~~~~~~~~~~~~~~~~~~~~~^^
  File "D:\Universidad\Clases\D-CICLO-X-2026-2\CLASES\Data Science con Python\peoplesync_page.py", line 145, in reset_form
    btn.click()
    ~~~~~~~~~^^
  File "C:\Users\USUARIO\AppData\Local\Programs\Python\Python314\Lib\site-packages\selenium\webdriver\remote\webelement.py", line 114, in click
    self._execute(Command.CLICK_ELEMENT)
    ~~~~~~~~~~~~~^^^^^^^^^^^^^^^^^^^^^^^
  File "C:\Users\USUARIO\AppData\Local\Programs\Python\Python314\Lib\site-packages\selenium\webdriver\remote\webelement.py", line 508, in _execute
    return self._parent.execute(command, params)
           ~~~~~~~~~~~~~~~~~~~~^^^^^^^^^^^^^^^^^
  File "C:\Users\USUARIO\AppData\Local\Programs\Python\Python314\Lib\site-packages\selenium\webdriver\remote\webdriver.py", line 504, in execute
    self.error_handler.check_response(response)
    ~~~~~~~~~~~~~~~~~~~~~~~~~~~~~~~~~^^^^^^^^^^
  File "C:\Users\USUARIO\AppData\Local\Programs\Python\Python314\Lib\site-packages\selenium\webdriver\remote\errorhandler.py", line 232, in check_response
    raise exception_class(message, screen, stacktrace)
selenium.common.exceptions.ElementClickInterceptedException: Message: element click intercepted: Element <button class="btn btn-secondary" onclick="limpiarFormulario()">...</button> is not clickable at point (1611, 911). Other element would receive the click: <div class="status-bar">...</div>
  (Session info: chrome=151.0.7922.174); For documentation on this error, please visit: https://www.selenium.dev/documentation/webdriver/troubleshooting/errors#elementclickinterceptedexception
Stacktrace:
	chromedriver!GetHandleVerifier [0x7ff621b1abb5+151b5]
	chromedriver!GetHandleVerifier [0x7ff621b1ac10+15210]
	chromedriver!(No symbol) [0x7ff621645d6d]
	chromedriver!(No symbol) [0x7ff6216a90c5]
	chromedriver!(No symbol) [0x7ff6216a6cda]
	chromedriver!(No symbol) [0x7ff6216a4017]
	chromedriver!(No symbol) [0x7ff6216a2ec7]
	chromedriver!(No symbol) [0x7ff6216956f8]
	chromedriver!(No symbol) [0x7ff6216c9d0a]
	chromedriver!(No symbol) [0x7ff621694f76]
	chromedriver!(No symbol) [0x7ff6216eec0b]
	chromedriver!(No symbol) [0x7ff6216937cc]
	chromedriver!(No symbol) [0x7ff6216946f3]
	chromedriver!GetHandleVerifier [0x7ff62213b79b+635d9b]
	chromedriver!GetHandleVerifier [0x7ff622135ac6+6300c6]
	chromedriver!GetHandleVerifier [0x7ff62215bcee+6562ee]
	chromedriver!GetHandleVerifier [0x7ff621b38ffe+335fe]
	chromedriver!GetHandleVerifier [0x7ff621b4147c+3ba7c]
	chromedriver!GetHandleVerifier [0x7ff621b24d64+1f364]
	chromedriver!GetHandleVerifier [0x7ff621b24ef4+1f4f4]
	chromedriver!GetHandleVerifier [0x7ff621b07d97+2397]
	KERNEL32!BaseThreadInitThunk [0x7ff97a1f7374+14]
	ntdll!RtlUserThreadStart [0x7ff97ba9cc91+21]

2026-08-25 09:00:24,006 [ERROR] Error inesperado procesando el registro 47746286
Traceback (most recent call last):
  File "D:\Universidad\Clases\D-CICLO-X-2026-2\CLASES\Data Science con Python\rpa_runner.py", line 121, in _process_record
    outcome = self._page.submit_and_verify(record.dni)
  File "D:\Universidad\Clases\D-CICLO-X-2026-2\CLASES\Data Science con Python\peoplesync_page.py", line 94, in submit_and_verify
    btn.click()
    ~~~~~~~~~^^
  File "C:\Users\USUARIO\AppData\Local\Programs\Python\Python314\Lib\site-packages\selenium\webdriver\remote\webelement.py", line 114, in click
    self._execute(Command.CLICK_ELEMENT)
    ~~~~~~~~~~~~~^^^^^^^^^^^^^^^^^^^^^^^
  File "C:\Users\USUARIO\AppData\Local\Programs\Python\Python314\Lib\site-packages\selenium\webdriver\remote\webelement.py", line 508, in _execute
    return self._parent.execute(command, params)
           ~~~~~~~~~~~~~~~~~~~~^^^^^^^^^^^^^^^^^
  File "C:\Users\USUARIO\AppData\Local\Programs\Python\Python314\Lib\site-packages\selenium\webdriver\remote\webdriver.py", line 504, in execute
    self.error_handler.check_response(response)
    ~~~~~~~~~~~~~~~~~~~~~~~~~~~~~~~~~^^^^^^^^^^
  File "C:\Users\USUARIO\AppData\Local\Programs\Python\Python314\Lib\site-packages\selenium\webdriver\remote\errorhandler.py", line 232, in check_response
    raise exception_class(message, screen, stacktrace)
selenium.common.exceptions.ElementClickInterceptedException: Message: element click intercepted: Element <button class="btn btn-primary" id="btn-registrar" onclick="registrar()">...</button> is not clickable at point (1751, 911). Other element would receive the click: <div class="status-bar">...</div>
  (Session info: chrome=151.0.7922.174); For documentation on this error, please visit: https://www.selenium.dev/documentation/webdriver/troubleshooting/errors#elementclickinterceptedexception
Stacktrace:
	chromedriver!GetHandleVerifier [0x7ff621b1abb5+151b5]
	chromedriver!GetHandleVerifier [0x7ff621b1ac10+15210]
	chromedriver!(No symbol) [0x7ff621645d6d]
	chromedriver!(No symbol) [0x7ff6216a90c5]
	chromedriver!(No symbol) [0x7ff6216a6cda]
	chromedriver!(No symbol) [0x7ff6216a4017]
	chromedriver!(No symbol) [0x7ff6216a2ec7]
	chromedriver!(No symbol) [0x7ff6216956f8]
	chromedriver!(No symbol) [0x7ff6216c9d0a]
	chromedriver!(No symbol) [0x7ff621694f76]
	chromedriver!(No symbol) [0x7ff6216eec0b]
	chromedriver!(No symbol) [0x7ff6216937cc]
	chromedriver!(No symbol) [0x7ff6216946f3]
	chromedriver!GetHandleVerifier [0x7ff62213b79b+635d9b]
	chromedriver!GetHandleVerifier [0x7ff622135ac6+6300c6]
	chromedriver!GetHandleVerifier [0x7ff62215bcee+6562ee]
	chromedriver!GetHandleVerifier [0x7ff621b38ffe+335fe]
	chromedriver!GetHandleVerifier [0x7ff621b4147c+3ba7c]
	chromedriver!GetHandleVerifier [0x7ff621b24d64+1f364]
	chromedriver!GetHandleVerifier [0x7ff621b24ef4+1f4f4]
	chromedriver!GetHandleVerifier [0x7ff621b07d97+2397]
	KERNEL32!BaseThreadInitThunk [0x7ff97a1f7374+14]
	ntdll!RtlUserThreadStart [0x7ff97ba9cc91+21]

2026-08-25 09:00:25,066 [ERROR] No se pudo limpiar el formulario tras un fallo; se continua de todas formas.
Traceback (most recent call last):
  File "D:\Universidad\Clases\D-CICLO-X-2026-2\CLASES\Data Science con Python\rpa_runner.py", line 121, in _process_record
    outcome = self._page.submit_and_verify(record.dni)
  File "D:\Universidad\Clases\D-CICLO-X-2026-2\CLASES\Data Science con Python\peoplesync_page.py", line 94, in submit_and_verify
    btn.click()
    ~~~~~~~~~^^
  File "C:\Users\USUARIO\AppData\Local\Programs\Python\Python314\Lib\site-packages\selenium\webdriver\remote\webelement.py", line 114, in click
    self._execute(Command.CLICK_ELEMENT)
    ~~~~~~~~~~~~~^^^^^^^^^^^^^^^^^^^^^^^
  File "C:\Users\USUARIO\AppData\Local\Programs\Python\Python314\Lib\site-packages\selenium\webdriver\remote\webelement.py", line 508, in _execute
    return self._parent.execute(command, params)
           ~~~~~~~~~~~~~~~~~~~~^^^^^^^^^^^^^^^^^
  File "C:\Users\USUARIO\AppData\Local\Programs\Python\Python314\Lib\site-packages\selenium\webdriver\remote\webdriver.py", line 504, in execute
    self.error_handler.check_response(response)
    ~~~~~~~~~~~~~~~~~~~~~~~~~~~~~~~~~^^^^^^^^^^
  File "C:\Users\USUARIO\AppData\Local\Programs\Python\Python314\Lib\site-packages\selenium\webdriver\remote\errorhandler.py", line 232, in check_response
    raise exception_class(message, screen, stacktrace)
selenium.common.exceptions.ElementClickInterceptedException: Message: element click intercepted: Element <button class="btn btn-primary" id="btn-registrar" onclick="registrar()">...</button> is not clickable at point (1751, 911). Other element would receive the click: <div class="status-bar">...</div>
  (Session info: chrome=151.0.7922.174); For documentation on this error, please visit: https://www.selenium.dev/documentation/webdriver/troubleshooting/errors#elementclickinterceptedexception
Stacktrace:
	chromedriver!GetHandleVerifier [0x7ff621b1abb5+151b5]
	chromedriver!GetHandleVerifier [0x7ff621b1ac10+15210]
	chromedriver!(No symbol) [0x7ff621645d6d]
	chromedriver!(No symbol) [0x7ff6216a90c5]
	chromedriver!(No symbol) [0x7ff6216a6cda]
	chromedriver!(No symbol) [0x7ff6216a4017]
	chromedriver!(No symbol) [0x7ff6216a2ec7]
	chromedriver!(No symbol) [0x7ff6216956f8]
	chromedriver!(No symbol) [0x7ff6216c9d0a]
	chromedriver!(No symbol) [0x7ff621694f76]
	chromedriver!(No symbol) [0x7ff6216eec0b]
	chromedriver!(No symbol) [0x7ff6216937cc]
	chromedriver!(No symbol) [0x7ff6216946f3]
	chromedriver!GetHandleVerifier [0x7ff62213b79b+635d9b]
	chromedriver!GetHandleVerifier [0x7ff622135ac6+6300c6]
	chromedriver!GetHandleVerifier [0x7ff62215bcee+6562ee]
	chromedriver!GetHandleVerifier [0x7ff621b38ffe+335fe]
	chromedriver!GetHandleVerifier [0x7ff621b4147c+3ba7c]
	chromedriver!GetHandleVerifier [0x7ff621b24d64+1f364]
	chromedriver!GetHandleVerifier [0x7ff621b24ef4+1f4f4]
	chromedriver!GetHandleVerifier [0x7ff621b07d97+2397]
	KERNEL32!BaseThreadInitThunk [0x7ff97a1f7374+14]
	ntdll!RtlUserThreadStart [0x7ff97ba9cc91+21]


During handling of the above exception, another exception occurred:

Traceback (most recent call last):
  File "D:\Universidad\Clases\D-CICLO-X-2026-2\CLASES\Data Science con Python\rpa_runner.py", line 139, in _safe_reset
    self._page.reset_form()
    ~~~~~~~~~~~~~~~~~~~~~^^
  File "D:\Universidad\Clases\D-CICLO-X-2026-2\CLASES\Data Science con Python\peoplesync_page.py", line 145, in reset_form
    btn.click()
    ~~~~~~~~~^^
  File "C:\Users\USUARIO\AppData\Local\Programs\Python\Python314\Lib\site-packages\selenium\webdriver\remote\webelement.py", line 114, in click
    self._execute(Command.CLICK_ELEMENT)
    ~~~~~~~~~~~~~^^^^^^^^^^^^^^^^^^^^^^^
  File "C:\Users\USUARIO\AppData\Local\Programs\Python\Python314\Lib\site-packages\selenium\webdriver\remote\webelement.py", line 508, in _execute
    return self._parent.execute(command, params)
           ~~~~~~~~~~~~~~~~~~~~^^^^^^^^^^^^^^^^^
  File "C:\Users\USUARIO\AppData\Local\Programs\Python\Python314\Lib\site-packages\selenium\webdriver\remote\webdriver.py", line 504, in execute
    self.error_handler.check_response(response)
    ~~~~~~~~~~~~~~~~~~~~~~~~~~~~~~~~~^^^^^^^^^^
  File "C:\Users\USUARIO\AppData\Local\Programs\Python\Python314\Lib\site-packages\selenium\webdriver\remote\errorhandler.py", line 232, in check_response
    raise exception_class(message, screen, stacktrace)
selenium.common.exceptions.ElementClickInterceptedException: Message: element click intercepted: Element <button class="btn btn-secondary" onclick="limpiarFormulario()">...</button> is not clickable at point (1611, 911). Other element would receive the click: <div class="status-bar">...</div>
  (Session info: chrome=151.0.7922.174); For documentation on this error, please visit: https://www.selenium.dev/documentation/webdriver/troubleshooting/errors#elementclickinterceptedexception
Stacktrace:
	chromedriver!GetHandleVerifier [0x7ff621b1abb5+151b5]
	chromedriver!GetHandleVerifier [0x7ff621b1ac10+15210]
	chromedriver!(No symbol) [0x7ff621645d6d]
	chromedriver!(No symbol) [0x7ff6216a90c5]
	chromedriver!(No symbol) [0x7ff6216a6cda]
	chromedriver!(No symbol) [0x7ff6216a4017]
	chromedriver!(No symbol) [0x7ff6216a2ec7]
	chromedriver!(No symbol) [0x7ff6216956f8]
	chromedriver!(No symbol) [0x7ff6216c9d0a]
	chromedriver!(No symbol) [0x7ff621694f76]
	chromedriver!(No symbol) [0x7ff6216eec0b]
	chromedriver!(No symbol) [0x7ff6216937cc]
	chromedriver!(No symbol) [0x7ff6216946f3]
	chromedriver!GetHandleVerifier [0x7ff62213b79b+635d9b]
	chromedriver!GetHandleVerifier [0x7ff622135ac6+6300c6]
	chromedriver!GetHandleVerifier [0x7ff62215bcee+6562ee]
	chromedriver!GetHandleVerifier [0x7ff621b38ffe+335fe]
	chromedriver!GetHandleVerifier [0x7ff621b4147c+3ba7c]
	chromedriver!GetHandleVerifier [0x7ff621b24d64+1f364]
	chromedriver!GetHandleVerifier [0x7ff621b24ef4+1f4f4]
	chromedriver!GetHandleVerifier [0x7ff621b07d97+2397]
	KERNEL32!BaseThreadInitThunk [0x7ff97a1f7374+14]
	ntdll!RtlUserThreadStart [0x7ff97ba9cc91+21]

2026-08-25 09:00:26,432 [ERROR] Error inesperado procesando el registro 46194045
Traceback (most recent call last):
  File "D:\Universidad\Clases\D-CICLO-X-2026-2\CLASES\Data Science con Python\rpa_runner.py", line 121, in _process_record
    outcome = self._page.submit_and_verify(record.dni)
  File "D:\Universidad\Clases\D-CICLO-X-2026-2\CLASES\Data Science con Python\peoplesync_page.py", line 94, in submit_and_verify
    btn.click()
    ~~~~~~~~~^^
  File "C:\Users\USUARIO\AppData\Local\Programs\Python\Python314\Lib\site-packages\selenium\webdriver\remote\webelement.py", line 114, in click
    self._execute(Command.CLICK_ELEMENT)
    ~~~~~~~~~~~~~^^^^^^^^^^^^^^^^^^^^^^^
  File "C:\Users\USUARIO\AppData\Local\Programs\Python\Python314\Lib\site-packages\selenium\webdriver\remote\webelement.py", line 508, in _execute
    return self._parent.execute(command, params)
           ~~~~~~~~~~~~~~~~~~~~^^^^^^^^^^^^^^^^^
  File "C:\Users\USUARIO\AppData\Local\Programs\Python\Python314\Lib\site-packages\selenium\webdriver\remote\webdriver.py", line 504, in execute
    self.error_handler.check_response(response)
    ~~~~~~~~~~~~~~~~~~~~~~~~~~~~~~~~~^^^^^^^^^^
  File "C:\Users\USUARIO\AppData\Local\Programs\Python\Python314\Lib\site-packages\selenium\webdriver\remote\errorhandler.py", line 232, in check_response
    raise exception_class(message, screen, stacktrace)
selenium.common.exceptions.ElementClickInterceptedException: Message: element click intercepted: Element <button class="btn btn-primary" id="btn-registrar" onclick="registrar()">...</button> is not clickable at point (1751, 911). Other element would receive the click: <div class="status-bar">...</div>
  (Session info: chrome=151.0.7922.174); For documentation on this error, please visit: https://www.selenium.dev/documentation/webdriver/troubleshooting/errors#elementclickinterceptedexception
Stacktrace:
	chromedriver!GetHandleVerifier [0x7ff621b1abb5+151b5]
	chromedriver!GetHandleVerifier [0x7ff621b1ac10+15210]
	chromedriver!(No symbol) [0x7ff621645d6d]
	chromedriver!(No symbol) [0x7ff6216a90c5]
	chromedriver!(No symbol) [0x7ff6216a6cda]
	chromedriver!(No symbol) [0x7ff6216a4017]
	chromedriver!(No symbol) [0x7ff6216a2ec7]
	chromedriver!(No symbol) [0x7ff6216956f8]
	chromedriver!(No symbol) [0x7ff6216c9d0a]
	chromedriver!(No symbol) [0x7ff621694f76]
	chromedriver!(No symbol) [0x7ff6216eec0b]
	chromedriver!(No symbol) [0x7ff6216937cc]
	chromedriver!(No symbol) [0x7ff6216946f3]
	chromedriver!GetHandleVerifier [0x7ff62213b79b+635d9b]
	chromedriver!GetHandleVerifier [0x7ff622135ac6+6300c6]
	chromedriver!GetHandleVerifier [0x7ff62215bcee+6562ee]
	chromedriver!GetHandleVerifier [0x7ff621b38ffe+335fe]
	chromedriver!GetHandleVerifier [0x7ff621b4147c+3ba7c]
	chromedriver!GetHandleVerifier [0x7ff621b24d64+1f364]
	chromedriver!GetHandleVerifier [0x7ff621b24ef4+1f4f4]
	chromedriver!GetHandleVerifier [0x7ff621b07d97+2397]
	KERNEL32!BaseThreadInitThunk [0x7ff97a1f7374+14]
	ntdll!RtlUserThreadStart [0x7ff97ba9cc91+21]

2026-08-25 09:00:27,492 [ERROR] No se pudo limpiar el formulario tras un fallo; se continua de todas formas.
Traceback (most recent call last):
  File "D:\Universidad\Clases\D-CICLO-X-2026-2\CLASES\Data Science con Python\rpa_runner.py", line 121, in _process_record
    outcome = self._page.submit_and_verify(record.dni)
  File "D:\Universidad\Clases\D-CICLO-X-2026-2\CLASES\Data Science con Python\peoplesync_page.py", line 94, in submit_and_verify
    btn.click()
    ~~~~~~~~~^^
  File "C:\Users\USUARIO\AppData\Local\Programs\Python\Python314\Lib\site-packages\selenium\webdriver\remote\webelement.py", line 114, in click
    self._execute(Command.CLICK_ELEMENT)
    ~~~~~~~~~~~~~^^^^^^^^^^^^^^^^^^^^^^^
  File "C:\Users\USUARIO\AppData\Local\Programs\Python\Python314\Lib\site-packages\selenium\webdriver\remote\webelement.py", line 508, in _execute
    return self._parent.execute(command, params)
           ~~~~~~~~~~~~~~~~~~~~^^^^^^^^^^^^^^^^^
  File "C:\Users\USUARIO\AppData\Local\Programs\Python\Python314\Lib\site-packages\selenium\webdriver\remote\webdriver.py", line 504, in execute
    self.error_handler.check_response(response)
    ~~~~~~~~~~~~~~~~~~~~~~~~~~~~~~~~~^^^^^^^^^^
  File "C:\Users\USUARIO\AppData\Local\Programs\Python\Python314\Lib\site-packages\selenium\webdriver\remote\errorhandler.py", line 232, in check_response
    raise exception_class(message, screen, stacktrace)
selenium.common.exceptions.ElementClickInterceptedException: Message: element click intercepted: Element <button class="btn btn-primary" id="btn-registrar" onclick="registrar()">...</button> is not clickable at point (1751, 911). Other element would receive the click: <div class="status-bar">...</div>
  (Session info: chrome=151.0.7922.174); For documentation on this error, please visit: https://www.selenium.dev/documentation/webdriver/troubleshooting/errors#elementclickinterceptedexception
Stacktrace:
	chromedriver!GetHandleVerifier [0x7ff621b1abb5+151b5]
	chromedriver!GetHandleVerifier [0x7ff621b1ac10+15210]
	chromedriver!(No symbol) [0x7ff621645d6d]
	chromedriver!(No symbol) [0x7ff6216a90c5]
	chromedriver!(No symbol) [0x7ff6216a6cda]
	chromedriver!(No symbol) [0x7ff6216a4017]
	chromedriver!(No symbol) [0x7ff6216a2ec7]
	chromedriver!(No symbol) [0x7ff6216956f8]
	chromedriver!(No symbol) [0x7ff6216c9d0a]
	chromedriver!(No symbol) [0x7ff621694f76]
	chromedriver!(No symbol) [0x7ff6216eec0b]
	chromedriver!(No symbol) [0x7ff6216937cc]
	chromedriver!(No symbol) [0x7ff6216946f3]
	chromedriver!GetHandleVerifier [0x7ff62213b79b+635d9b]
	chromedriver!GetHandleVerifier [0x7ff622135ac6+6300c6]
	chromedriver!GetHandleVerifier [0x7ff62215bcee+6562ee]
	chromedriver!GetHandleVerifier [0x7ff621b38ffe+335fe]
	chromedriver!GetHandleVerifier [0x7ff621b4147c+3ba7c]
	chromedriver!GetHandleVerifier [0x7ff621b24d64+1f364]
	chromedriver!GetHandleVerifier [0x7ff621b24ef4+1f4f4]
	chromedriver!GetHandleVerifier [0x7ff621b07d97+2397]
	KERNEL32!BaseThreadInitThunk [0x7ff97a1f7374+14]
	ntdll!RtlUserThreadStart [0x7ff97ba9cc91+21]


During handling of the above exception, another exception occurred:

Traceback (most recent call last):
  File "D:\Universidad\Clases\D-CICLO-X-2026-2\CLASES\Data Science con Python\rpa_runner.py", line 139, in _safe_reset
    self._page.reset_form()
    ~~~~~~~~~~~~~~~~~~~~~^^
  File "D:\Universidad\Clases\D-CICLO-X-2026-2\CLASES\Data Science con Python\peoplesync_page.py", line 145, in reset_form
    btn.click()
    ~~~~~~~~~^^
  File "C:\Users\USUARIO\AppData\Local\Programs\Python\Python314\Lib\site-packages\selenium\webdriver\remote\webelement.py", line 114, in click
    self._execute(Command.CLICK_ELEMENT)
    ~~~~~~~~~~~~~^^^^^^^^^^^^^^^^^^^^^^^
  File "C:\Users\USUARIO\AppData\Local\Programs\Python\Python314\Lib\site-packages\selenium\webdriver\remote\webelement.py", line 508, in _execute
    return self._parent.execute(command, params)
           ~~~~~~~~~~~~~~~~~~~~^^^^^^^^^^^^^^^^^
  File "C:\Users\USUARIO\AppData\Local\Programs\Python\Python314\Lib\site-packages\selenium\webdriver\remote\webdriver.py", line 504, in execute
    self.error_handler.check_response(response)
    ~~~~~~~~~~~~~~~~~~~~~~~~~~~~~~~~~^^^^^^^^^^
  File "C:\Users\USUARIO\AppData\Local\Programs\Python\Python314\Lib\site-packages\selenium\webdriver\remote\errorhandler.py", line 232, in check_response
    raise exception_class(message, screen, stacktrace)
selenium.common.exceptions.ElementClickInterceptedException: Message: element click intercepted: Element <button class="btn btn-secondary" onclick="limpiarFormulario()">...</button> is not clickable at point (1611, 911). Other element would receive the click: <div class="status-bar">...</div>
  (Session info: chrome=151.0.7922.174); For documentation on this error, please visit: https://www.selenium.dev/documentation/webdriver/troubleshooting/errors#elementclickinterceptedexception
Stacktrace:
	chromedriver!GetHandleVerifier [0x7ff621b1abb5+151b5]
	chromedriver!GetHandleVerifier [0x7ff621b1ac10+15210]
	chromedriver!(No symbol) [0x7ff621645d6d]
	chromedriver!(No symbol) [0x7ff6216a90c5]
	chromedriver!(No symbol) [0x7ff6216a6cda]
	chromedriver!(No symbol) [0x7ff6216a4017]
	chromedriver!(No symbol) [0x7ff6216a2ec7]
	chromedriver!(No symbol) [0x7ff6216956f8]
	chromedriver!(No symbol) [0x7ff6216c9d0a]
	chromedriver!(No symbol) [0x7ff621694f76]
	chromedriver!(No symbol) [0x7ff6216eec0b]
	chromedriver!(No symbol) [0x7ff6216937cc]
	chromedriver!(No symbol) [0x7ff6216946f3]
	chromedriver!GetHandleVerifier [0x7ff62213b79b+635d9b]
	chromedriver!GetHandleVerifier [0x7ff622135ac6+6300c6]
	chromedriver!GetHandleVerifier [0x7ff62215bcee+6562ee]
	chromedriver!GetHandleVerifier [0x7ff621b38ffe+335fe]
	chromedriver!GetHandleVerifier [0x7ff621b4147c+3ba7c]
	chromedriver!GetHandleVerifier [0x7ff621b24d64+1f364]
	chromedriver!GetHandleVerifier [0x7ff621b24ef4+1f4f4]
	chromedriver!GetHandleVerifier [0x7ff621b07d97+2397]
	KERNEL32!BaseThreadInitThunk [0x7ff97a1f7374+14]
	ntdll!RtlUserThreadStart [0x7ff97ba9cc91+21]

2026-08-25 09:00:27,517 [WARNING] Registro 68701583 omitido (incompatible con el formulario): El valor 'No binario' del campo 'genero' no esta entre las opciones disponibles en el formulario.
2026-08-25 09:00:27,517 [WARNING] Registro 68842498 omitido (incompatible con el formulario): El valor 'No binario' del campo 'genero' no esta entre las opciones disponibles en el formulario.
2026-08-25 09:00:28,858 [ERROR] Error inesperado procesando el registro 50371898
Traceback (most recent call last):
  File "D:\Universidad\Clases\D-CICLO-X-2026-2\CLASES\Data Science con Python\rpa_runner.py", line 121, in _process_record
    outcome = self._page.submit_and_verify(record.dni)
  File "D:\Universidad\Clases\D-CICLO-X-2026-2\CLASES\Data Science con Python\peoplesync_page.py", line 94, in submit_and_verify
    btn.click()
    ~~~~~~~~~^^
  File "C:\Users\USUARIO\AppData\Local\Programs\Python\Python314\Lib\site-packages\selenium\webdriver\remote\webelement.py", line 114, in click
    self._execute(Command.CLICK_ELEMENT)
    ~~~~~~~~~~~~~^^^^^^^^^^^^^^^^^^^^^^^
  File "C:\Users\USUARIO\AppData\Local\Programs\Python\Python314\Lib\site-packages\selenium\webdriver\remote\webelement.py", line 508, in _execute
    return self._parent.execute(command, params)
           ~~~~~~~~~~~~~~~~~~~~^^^^^^^^^^^^^^^^^
  File "C:\Users\USUARIO\AppData\Local\Programs\Python\Python314\Lib\site-packages\selenium\webdriver\remote\webdriver.py", line 504, in execute
    self.error_handler.check_response(response)
    ~~~~~~~~~~~~~~~~~~~~~~~~~~~~~~~~~^^^^^^^^^^
  File "C:\Users\USUARIO\AppData\Local\Programs\Python\Python314\Lib\site-packages\selenium\webdriver\remote\errorhandler.py", line 232, in check_response
    raise exception_class(message, screen, stacktrace)
selenium.common.exceptions.ElementClickInterceptedException: Message: element click intercepted: Element <button class="btn btn-primary" id="btn-registrar" onclick="registrar()">...</button> is not clickable at point (1751, 911). Other element would receive the click: <div class="status-bar">...</div>
  (Session info: chrome=151.0.7922.174); For documentation on this error, please visit: https://www.selenium.dev/documentation/webdriver/troubleshooting/errors#elementclickinterceptedexception
Stacktrace:
	chromedriver!GetHandleVerifier [0x7ff621b1abb5+151b5]
	chromedriver!GetHandleVerifier [0x7ff621b1ac10+15210]
	chromedriver!(No symbol) [0x7ff621645d6d]
	chromedriver!(No symbol) [0x7ff6216a90c5]
	chromedriver!(No symbol) [0x7ff6216a6cda]
	chromedriver!(No symbol) [0x7ff6216a4017]
	chromedriver!(No symbol) [0x7ff6216a2ec7]
	chromedriver!(No symbol) [0x7ff6216956f8]
	chromedriver!(No symbol) [0x7ff6216c9d0a]
	chromedriver!(No symbol) [0x7ff621694f76]
	chromedriver!(No symbol) [0x7ff6216eec0b]
	chromedriver!(No symbol) [0x7ff6216937cc]
	chromedriver!(No symbol) [0x7ff6216946f3]
	chromedriver!GetHandleVerifier [0x7ff62213b79b+635d9b]
	chromedriver!GetHandleVerifier [0x7ff622135ac6+6300c6]
	chromedriver!GetHandleVerifier [0x7ff62215bcee+6562ee]
	chromedriver!GetHandleVerifier [0x7ff621b38ffe+335fe]
	chromedriver!GetHandleVerifier [0x7ff621b4147c+3ba7c]
	chromedriver!GetHandleVerifier [0x7ff621b24d64+1f364]
	chromedriver!GetHandleVerifier [0x7ff621b24ef4+1f4f4]
	chromedriver!GetHandleVerifier [0x7ff621b07d97+2397]
	KERNEL32!BaseThreadInitThunk [0x7ff97a1f7374+14]
	ntdll!RtlUserThreadStart [0x7ff97ba9cc91+21]

2026-08-25 09:00:29,916 [ERROR] No se pudo limpiar el formulario tras un fallo; se continua de todas formas.
Traceback (most recent call last):
  File "D:\Universidad\Clases\D-CICLO-X-2026-2\CLASES\Data Science con Python\rpa_runner.py", line 121, in _process_record
    outcome = self._page.submit_and_verify(record.dni)
  File "D:\Universidad\Clases\D-CICLO-X-2026-2\CLASES\Data Science con Python\peoplesync_page.py", line 94, in submit_and_verify
    btn.click()
    ~~~~~~~~~^^
  File "C:\Users\USUARIO\AppData\Local\Programs\Python\Python314\Lib\site-packages\selenium\webdriver\remote\webelement.py", line 114, in click
    self._execute(Command.CLICK_ELEMENT)
    ~~~~~~~~~~~~~^^^^^^^^^^^^^^^^^^^^^^^
  File "C:\Users\USUARIO\AppData\Local\Programs\Python\Python314\Lib\site-packages\selenium\webdriver\remote\webelement.py", line 508, in _execute
    return self._parent.execute(command, params)
           ~~~~~~~~~~~~~~~~~~~~^^^^^^^^^^^^^^^^^
  File "C:\Users\USUARIO\AppData\Local\Programs\Python\Python314\Lib\site-packages\selenium\webdriver\remote\webdriver.py", line 504, in execute
    self.error_handler.check_response(response)
    ~~~~~~~~~~~~~~~~~~~~~~~~~~~~~~~~~^^^^^^^^^^
  File "C:\Users\USUARIO\AppData\Local\Programs\Python\Python314\Lib\site-packages\selenium\webdriver\remote\errorhandler.py", line 232, in check_response
    raise exception_class(message, screen, stacktrace)
selenium.common.exceptions.ElementClickInterceptedException: Message: element click intercepted: Element <button class="btn btn-primary" id="btn-registrar" onclick="registrar()">...</button> is not clickable at point (1751, 911). Other element would receive the click: <div class="status-bar">...</div>
  (Session info: chrome=151.0.7922.174); For documentation on this error, please visit: https://www.selenium.dev/documentation/webdriver/troubleshooting/errors#elementclickinterceptedexception
Stacktrace:
	chromedriver!GetHandleVerifier [0x7ff621b1abb5+151b5]
	chromedriver!GetHandleVerifier [0x7ff621b1ac10+15210]
	chromedriver!(No symbol) [0x7ff621645d6d]
	chromedriver!(No symbol) [0x7ff6216a90c5]
	chromedriver!(No symbol) [0x7ff6216a6cda]
	chromedriver!(No symbol) [0x7ff6216a4017]
	chromedriver!(No symbol) [0x7ff6216a2ec7]
	chromedriver!(No symbol) [0x7ff6216956f8]
	chromedriver!(No symbol) [0x7ff6216c9d0a]
	chromedriver!(No symbol) [0x7ff621694f76]
	chromedriver!(No symbol) [0x7ff6216eec0b]
	chromedriver!(No symbol) [0x7ff6216937cc]
	chromedriver!(No symbol) [0x7ff6216946f3]
	chromedriver!GetHandleVerifier [0x7ff62213b79b+635d9b]
	chromedriver!GetHandleVerifier [0x7ff622135ac6+6300c6]
	chromedriver!GetHandleVerifier [0x7ff62215bcee+6562ee]
	chromedriver!GetHandleVerifier [0x7ff621b38ffe+335fe]
	chromedriver!GetHandleVerifier [0x7ff621b4147c+3ba7c]
	chromedriver!GetHandleVerifier [0x7ff621b24d64+1f364]
	chromedriver!GetHandleVerifier [0x7ff621b24ef4+1f4f4]
	chromedriver!GetHandleVerifier [0x7ff621b07d97+2397]
	KERNEL32!BaseThreadInitThunk [0x7ff97a1f7374+14]
	ntdll!RtlUserThreadStart [0x7ff97ba9cc91+21]


During handling of the above exception, another exception occurred:

Traceback (most recent call last):
  File "D:\Universidad\Clases\D-CICLO-X-2026-2\CLASES\Data Science con Python\rpa_runner.py", line 139, in _safe_reset
    self._page.reset_form()
    ~~~~~~~~~~~~~~~~~~~~~^^
  File "D:\Universidad\Clases\D-CICLO-X-2026-2\CLASES\Data Science con Python\peoplesync_page.py", line 145, in reset_form
    btn.click()
    ~~~~~~~~~^^
  File "C:\Users\USUARIO\AppData\Local\Programs\Python\Python314\Lib\site-packages\selenium\webdriver\remote\webelement.py", line 114, in click
    self._execute(Command.CLICK_ELEMENT)
    ~~~~~~~~~~~~~^^^^^^^^^^^^^^^^^^^^^^^
  File "C:\Users\USUARIO\AppData\Local\Programs\Python\Python314\Lib\site-packages\selenium\webdriver\remote\webelement.py", line 508, in _execute
    return self._parent.execute(command, params)
           ~~~~~~~~~~~~~~~~~~~~^^^^^^^^^^^^^^^^^
  File "C:\Users\USUARIO\AppData\Local\Programs\Python\Python314\Lib\site-packages\selenium\webdriver\remote\webdriver.py", line 504, in execute
    self.error_handler.check_response(response)
    ~~~~~~~~~~~~~~~~~~~~~~~~~~~~~~~~~^^^^^^^^^^
  File "C:\Users\USUARIO\AppData\Local\Programs\Python\Python314\Lib\site-packages\selenium\webdriver\remote\errorhandler.py", line 232, in check_response
    raise exception_class(message, screen, stacktrace)
selenium.common.exceptions.ElementClickInterceptedException: Message: element click intercepted: Element <button class="btn btn-secondary" onclick="limpiarFormulario()">...</button> is not clickable at point (1611, 911). Other element would receive the click: <div class="status-bar">...</div>
  (Session info: chrome=151.0.7922.174); For documentation on this error, please visit: https://www.selenium.dev/documentation/webdriver/troubleshooting/errors#elementclickinterceptedexception
Stacktrace:
	chromedriver!GetHandleVerifier [0x7ff621b1abb5+151b5]
	chromedriver!GetHandleVerifier [0x7ff621b1ac10+15210]
	chromedriver!(No symbol) [0x7ff621645d6d]
	chromedriver!(No symbol) [0x7ff6216a90c5]
	chromedriver!(No symbol) [0x7ff6216a6cda]
	chromedriver!(No symbol) [0x7ff6216a4017]
	chromedriver!(No symbol) [0x7ff6216a2ec7]
	chromedriver!(No symbol) [0x7ff6216956f8]
	chromedriver!(No symbol) [0x7ff6216c9d0a]
	chromedriver!(No symbol) [0x7ff621694f76]
	chromedriver!(No symbol) [0x7ff6216eec0b]
	chromedriver!(No symbol) [0x7ff6216937cc]
	chromedriver!(No symbol) [0x7ff6216946f3]
	chromedriver!GetHandleVerifier [0x7ff62213b79b+635d9b]
	chromedriver!GetHandleVerifier [0x7ff622135ac6+6300c6]
	chromedriver!GetHandleVerifier [0x7ff62215bcee+6562ee]
	chromedriver!GetHandleVerifier [0x7ff621b38ffe+335fe]
	chromedriver!GetHandleVerifier [0x7ff621b4147c+3ba7c]
	chromedriver!GetHandleVerifier [0x7ff621b24d64+1f364]
	chromedriver!GetHandleVerifier [0x7ff621b24ef4+1f4f4]
	chromedriver!GetHandleVerifier [0x7ff621b07d97+2397]
	KERNEL32!BaseThreadInitThunk [0x7ff97a1f7374+14]
	ntdll!RtlUserThreadStart [0x7ff97ba9cc91+21]

2026-08-25 09:00:29,918 [WARNING] Registro 47254174 omitido (incompatible con el formulario): El valor 'Prefiero no indicar' del campo 'genero' no esta entre las opciones disponibles en el formulario.
2026-08-25 09:00:31,291 [ERROR] Error inesperado procesando el registro 58696734
Traceback (most recent call last):
  File "D:\Universidad\Clases\D-CICLO-X-2026-2\CLASES\Data Science con Python\rpa_runner.py", line 121, in _process_record
    outcome = self._page.submit_and_verify(record.dni)
  File "D:\Universidad\Clases\D-CICLO-X-2026-2\CLASES\Data Science con Python\peoplesync_page.py", line 94, in submit_and_verify
    btn.click()
    ~~~~~~~~~^^
  File "C:\Users\USUARIO\AppData\Local\Programs\Python\Python314\Lib\site-packages\selenium\webdriver\remote\webelement.py", line 114, in click
    self._execute(Command.CLICK_ELEMENT)
    ~~~~~~~~~~~~~^^^^^^^^^^^^^^^^^^^^^^^
  File "C:\Users\USUARIO\AppData\Local\Programs\Python\Python314\Lib\site-packages\selenium\webdriver\remote\webelement.py", line 508, in _execute
    return self._parent.execute(command, params)
           ~~~~~~~~~~~~~~~~~~~~^^^^^^^^^^^^^^^^^
  File "C:\Users\USUARIO\AppData\Local\Programs\Python\Python314\Lib\site-packages\selenium\webdriver\remote\webdriver.py", line 504, in execute
    self.error_handler.check_response(response)
    ~~~~~~~~~~~~~~~~~~~~~~~~~~~~~~~~~^^^^^^^^^^
  File "C:\Users\USUARIO\AppData\Local\Programs\Python\Python314\Lib\site-packages\selenium\webdriver\remote\errorhandler.py", line 232, in check_response
    raise exception_class(message, screen, stacktrace)
selenium.common.exceptions.ElementClickInterceptedException: Message: element click intercepted: Element <button class="btn btn-primary" id="btn-registrar" onclick="registrar()">...</button> is not clickable at point (1751, 911). Other element would receive the click: <div class="status-bar">...</div>
  (Session info: chrome=151.0.7922.174); For documentation on this error, please visit: https://www.selenium.dev/documentation/webdriver/troubleshooting/errors#elementclickinterceptedexception
Stacktrace:
	chromedriver!GetHandleVerifier [0x7ff621b1abb5+151b5]
	chromedriver!GetHandleVerifier [0x7ff621b1ac10+15210]
	chromedriver!(No symbol) [0x7ff621645d6d]
	chromedriver!(No symbol) [0x7ff6216a90c5]
	chromedriver!(No symbol) [0x7ff6216a6cda]
	chromedriver!(No symbol) [0x7ff6216a4017]
	chromedriver!(No symbol) [0x7ff6216a2ec7]
	chromedriver!(No symbol) [0x7ff6216956f8]
	chromedriver!(No symbol) [0x7ff6216c9d0a]
	chromedriver!(No symbol) [0x7ff621694f76]
	chromedriver!(No symbol) [0x7ff6216eec0b]
	chromedriver!(No symbol) [0x7ff6216937cc]
	chromedriver!(No symbol) [0x7ff6216946f3]
	chromedriver!GetHandleVerifier [0x7ff62213b79b+635d9b]
	chromedriver!GetHandleVerifier [0x7ff622135ac6+6300c6]
	chromedriver!GetHandleVerifier [0x7ff62215bcee+6562ee]
	chromedriver!GetHandleVerifier [0x7ff621b38ffe+335fe]
	chromedriver!GetHandleVerifier [0x7ff621b4147c+3ba7c]
	chromedriver!GetHandleVerifier [0x7ff621b24d64+1f364]
	chromedriver!GetHandleVerifier [0x7ff621b24ef4+1f4f4]
	chromedriver!GetHandleVerifier [0x7ff621b07d97+2397]
	KERNEL32!BaseThreadInitThunk [0x7ff97a1f7374+14]
	ntdll!RtlUserThreadStart [0x7ff97ba9cc91+21]

2026-08-25 09:00:32,350 [ERROR] No se pudo limpiar el formulario tras un fallo; se continua de todas formas.
Traceback (most recent call last):
  File "D:\Universidad\Clases\D-CICLO-X-2026-2\CLASES\Data Science con Python\rpa_runner.py", line 121, in _process_record
    outcome = self._page.submit_and_verify(record.dni)
  File "D:\Universidad\Clases\D-CICLO-X-2026-2\CLASES\Data Science con Python\peoplesync_page.py", line 94, in submit_and_verify
    btn.click()
    ~~~~~~~~~^^
  File "C:\Users\USUARIO\AppData\Local\Programs\Python\Python314\Lib\site-packages\selenium\webdriver\remote\webelement.py", line 114, in click
    self._execute(Command.CLICK_ELEMENT)
    ~~~~~~~~~~~~~^^^^^^^^^^^^^^^^^^^^^^^
  File "C:\Users\USUARIO\AppData\Local\Programs\Python\Python314\Lib\site-packages\selenium\webdriver\remote\webelement.py", line 508, in _execute
    return self._parent.execute(command, params)
           ~~~~~~~~~~~~~~~~~~~~^^^^^^^^^^^^^^^^^
  File "C:\Users\USUARIO\AppData\Local\Programs\Python\Python314\Lib\site-packages\selenium\webdriver\remote\webdriver.py", line 504, in execute
    self.error_handler.check_response(response)
    ~~~~~~~~~~~~~~~~~~~~~~~~~~~~~~~~~^^^^^^^^^^
  File "C:\Users\USUARIO\AppData\Local\Programs\Python\Python314\Lib\site-packages\selenium\webdriver\remote\errorhandler.py", line 232, in check_response
    raise exception_class(message, screen, stacktrace)
selenium.common.exceptions.ElementClickInterceptedException: Message: element click intercepted: Element <button class="btn btn-primary" id="btn-registrar" onclick="registrar()">...</button> is not clickable at point (1751, 911). Other element would receive the click: <div class="status-bar">...</div>
  (Session info: chrome=151.0.7922.174); For documentation on this error, please visit: https://www.selenium.dev/documentation/webdriver/troubleshooting/errors#elementclickinterceptedexception
Stacktrace:
	chromedriver!GetHandleVerifier [0x7ff621b1abb5+151b5]
	chromedriver!GetHandleVerifier [0x7ff621b1ac10+15210]
	chromedriver!(No symbol) [0x7ff621645d6d]
	chromedriver!(No symbol) [0x7ff6216a90c5]
	chromedriver!(No symbol) [0x7ff6216a6cda]
	chromedriver!(No symbol) [0x7ff6216a4017]
	chromedriver!(No symbol) [0x7ff6216a2ec7]
	chromedriver!(No symbol) [0x7ff6216956f8]
	chromedriver!(No symbol) [0x7ff6216c9d0a]
	chromedriver!(No symbol) [0x7ff621694f76]
	chromedriver!(No symbol) [0x7ff6216eec0b]
	chromedriver!(No symbol) [0x7ff6216937cc]
	chromedriver!(No symbol) [0x7ff6216946f3]
	chromedriver!GetHandleVerifier [0x7ff62213b79b+635d9b]
	chromedriver!GetHandleVerifier [0x7ff622135ac6+6300c6]
	chromedriver!GetHandleVerifier [0x7ff62215bcee+6562ee]
	chromedriver!GetHandleVerifier [0x7ff621b38ffe+335fe]
	chromedriver!GetHandleVerifier [0x7ff621b4147c+3ba7c]
	chromedriver!GetHandleVerifier [0x7ff621b24d64+1f364]
	chromedriver!GetHandleVerifier [0x7ff621b24ef4+1f4f4]
	chromedriver!GetHandleVerifier [0x7ff621b07d97+2397]
	KERNEL32!BaseThreadInitThunk [0x7ff97a1f7374+14]
	ntdll!RtlUserThreadStart [0x7ff97ba9cc91+21]


During handling of the above exception, another exception occurred:

Traceback (most recent call last):
  File "D:\Universidad\Clases\D-CICLO-X-2026-2\CLASES\Data Science con Python\rpa_runner.py", line 139, in _safe_reset
    self._page.reset_form()
    ~~~~~~~~~~~~~~~~~~~~~^^
  File "D:\Universidad\Clases\D-CICLO-X-2026-2\CLASES\Data Science con Python\peoplesync_page.py", line 145, in reset_form
    btn.click()
    ~~~~~~~~~^^
  File "C:\Users\USUARIO\AppData\Local\Programs\Python\Python314\Lib\site-packages\selenium\webdriver\remote\webelement.py", line 114, in click
    self._execute(Command.CLICK_ELEMENT)
    ~~~~~~~~~~~~~^^^^^^^^^^^^^^^^^^^^^^^
  File "C:\Users\USUARIO\AppData\Local\Programs\Python\Python314\Lib\site-packages\selenium\webdriver\remote\webelement.py", line 508, in _execute
    return self._parent.execute(command, params)
           ~~~~~~~~~~~~~~~~~~~~^^^^^^^^^^^^^^^^^
  File "C:\Users\USUARIO\AppData\Local\Programs\Python\Python314\Lib\site-packages\selenium\webdriver\remote\webdriver.py", line 504, in execute
    self.error_handler.check_response(response)
    ~~~~~~~~~~~~~~~~~~~~~~~~~~~~~~~~~^^^^^^^^^^
  File "C:\Users\USUARIO\AppData\Local\Programs\Python\Python314\Lib\site-packages\selenium\webdriver\remote\errorhandler.py", line 232, in check_response
    raise exception_class(message, screen, stacktrace)
selenium.common.exceptions.ElementClickInterceptedException: Message: element click intercepted: Element <button class="btn btn-secondary" onclick="limpiarFormulario()">...</button> is not clickable at point (1611, 911). Other element would receive the click: <div class="status-bar">...</div>
  (Session info: chrome=151.0.7922.174); For documentation on this error, please visit: https://www.selenium.dev/documentation/webdriver/troubleshooting/errors#elementclickinterceptedexception
Stacktrace:
	chromedriver!GetHandleVerifier [0x7ff621b1abb5+151b5]
	chromedriver!GetHandleVerifier [0x7ff621b1ac10+15210]
	chromedriver!(No symbol) [0x7ff621645d6d]
	chromedriver!(No symbol) [0x7ff6216a90c5]
	chromedriver!(No symbol) [0x7ff6216a6cda]
	chromedriver!(No symbol) [0x7ff6216a4017]
	chromedriver!(No symbol) [0x7ff6216a2ec7]
	chromedriver!(No symbol) [0x7ff6216956f8]
	chromedriver!(No symbol) [0x7ff6216c9d0a]
	chromedriver!(No symbol) [0x7ff621694f76]
	chromedriver!(No symbol) [0x7ff6216eec0b]
	chromedriver!(No symbol) [0x7ff6216937cc]
	chromedriver!(No symbol) [0x7ff6216946f3]
	chromedriver!GetHandleVerifier [0x7ff62213b79b+635d9b]
	chromedriver!GetHandleVerifier [0x7ff622135ac6+6300c6]
	chromedriver!GetHandleVerifier [0x7ff62215bcee+6562ee]
	chromedriver!GetHandleVerifier [0x7ff621b38ffe+335fe]
	chromedriver!GetHandleVerifier [0x7ff621b4147c+3ba7c]
	chromedriver!GetHandleVerifier [0x7ff621b24d64+1f364]
	chromedriver!GetHandleVerifier [0x7ff621b24ef4+1f4f4]
	chromedriver!GetHandleVerifier [0x7ff621b07d97+2397]
	KERNEL32!BaseThreadInitThunk [0x7ff97a1f7374+14]
	ntdll!RtlUserThreadStart [0x7ff97ba9cc91+21]

2026-08-25 09:00:32,352 [WARNING] Registro 51983483 omitido (incompatible con el formulario): El valor 'No binario' del campo 'genero' no esta entre las opciones disponibles en el formulario.
2026-08-25 09:00:32,352 [WARNING] Registro 65850027 omitido (incompatible con el formulario): El valor 'Prefiero no indicar' del campo 'genero' no esta entre las opciones disponibles en el formulario.
2026-08-25 09:00:33,715 [ERROR] Error inesperado procesando el registro 61066522
Traceback (most recent call last):
  File "D:\Universidad\Clases\D-CICLO-X-2026-2\CLASES\Data Science con Python\rpa_runner.py", line 121, in _process_record
    outcome = self._page.submit_and_verify(record.dni)
  File "D:\Universidad\Clases\D-CICLO-X-2026-2\CLASES\Data Science con Python\peoplesync_page.py", line 94, in submit_and_verify
    btn.click()
    ~~~~~~~~~^^
  File "C:\Users\USUARIO\AppData\Local\Programs\Python\Python314\Lib\site-packages\selenium\webdriver\remote\webelement.py", line 114, in click
    self._execute(Command.CLICK_ELEMENT)
    ~~~~~~~~~~~~~^^^^^^^^^^^^^^^^^^^^^^^
  File "C:\Users\USUARIO\AppData\Local\Programs\Python\Python314\Lib\site-packages\selenium\webdriver\remote\webelement.py", line 508, in _execute
    return self._parent.execute(command, params)
           ~~~~~~~~~~~~~~~~~~~~^^^^^^^^^^^^^^^^^
  File "C:\Users\USUARIO\AppData\Local\Programs\Python\Python314\Lib\site-packages\selenium\webdriver\remote\webdriver.py", line 504, in execute
    self.error_handler.check_response(response)
    ~~~~~~~~~~~~~~~~~~~~~~~~~~~~~~~~~^^^^^^^^^^
  File "C:\Users\USUARIO\AppData\Local\Programs\Python\Python314\Lib\site-packages\selenium\webdriver\remote\errorhandler.py", line 232, in check_response
    raise exception_class(message, screen, stacktrace)
selenium.common.exceptions.ElementClickInterceptedException: Message: element click intercepted: Element <button class="btn btn-primary" id="btn-registrar" onclick="registrar()">...</button> is not clickable at point (1751, 911). Other element would receive the click: <div class="status-bar">...</div>
  (Session info: chrome=151.0.7922.174); For documentation on this error, please visit: https://www.selenium.dev/documentation/webdriver/troubleshooting/errors#elementclickinterceptedexception
Stacktrace:
	chromedriver!GetHandleVerifier [0x7ff621b1abb5+151b5]
	chromedriver!GetHandleVerifier [0x7ff621b1ac10+15210]
	chromedriver!(No symbol) [0x7ff621645d6d]
	chromedriver!(No symbol) [0x7ff6216a90c5]
	chromedriver!(No symbol) [0x7ff6216a6cda]
	chromedriver!(No symbol) [0x7ff6216a4017]
	chromedriver!(No symbol) [0x7ff6216a2ec7]
	chromedriver!(No symbol) [0x7ff6216956f8]
	chromedriver!(No symbol) [0x7ff6216c9d0a]
	chromedriver!(No symbol) [0x7ff621694f76]
	chromedriver!(No symbol) [0x7ff6216eec0b]
	chromedriver!(No symbol) [0x7ff6216937cc]
	chromedriver!(No symbol) [0x7ff6216946f3]
	chromedriver!GetHandleVerifier [0x7ff62213b79b+635d9b]
	chromedriver!GetHandleVerifier [0x7ff622135ac6+6300c6]
	chromedriver!GetHandleVerifier [0x7ff62215bcee+6562ee]
	chromedriver!GetHandleVerifier [0x7ff621b38ffe+335fe]
	chromedriver!GetHandleVerifier [0x7ff621b4147c+3ba7c]
	chromedriver!GetHandleVerifier [0x7ff621b24d64+1f364]
	chromedriver!GetHandleVerifier [0x7ff621b24ef4+1f4f4]
	chromedriver!GetHandleVerifier [0x7ff621b07d97+2397]
	KERNEL32!BaseThreadInitThunk [0x7ff97a1f7374+14]
	ntdll!RtlUserThreadStart [0x7ff97ba9cc91+21]

2026-08-25 09:00:34,784 [ERROR] No se pudo limpiar el formulario tras un fallo; se continua de todas formas.
Traceback (most recent call last):
  File "D:\Universidad\Clases\D-CICLO-X-2026-2\CLASES\Data Science con Python\rpa_runner.py", line 121, in _process_record
    outcome = self._page.submit_and_verify(record.dni)
  File "D:\Universidad\Clases\D-CICLO-X-2026-2\CLASES\Data Science con Python\peoplesync_page.py", line 94, in submit_and_verify
    btn.click()
    ~~~~~~~~~^^
  File "C:\Users\USUARIO\AppData\Local\Programs\Python\Python314\Lib\site-packages\selenium\webdriver\remote\webelement.py", line 114, in click
    self._execute(Command.CLICK_ELEMENT)
    ~~~~~~~~~~~~~^^^^^^^^^^^^^^^^^^^^^^^
  File "C:\Users\USUARIO\AppData\Local\Programs\Python\Python314\Lib\site-packages\selenium\webdriver\remote\webelement.py", line 508, in _execute
    return self._parent.execute(command, params)
           ~~~~~~~~~~~~~~~~~~~~^^^^^^^^^^^^^^^^^
  File "C:\Users\USUARIO\AppData\Local\Programs\Python\Python314\Lib\site-packages\selenium\webdriver\remote\webdriver.py", line 504, in execute
    self.error_handler.check_response(response)
    ~~~~~~~~~~~~~~~~~~~~~~~~~~~~~~~~~^^^^^^^^^^
  File "C:\Users\USUARIO\AppData\Local\Programs\Python\Python314\Lib\site-packages\selenium\webdriver\remote\errorhandler.py", line 232, in check_response
    raise exception_class(message, screen, stacktrace)
selenium.common.exceptions.ElementClickInterceptedException: Message: element click intercepted: Element <button class="btn btn-primary" id="btn-registrar" onclick="registrar()">...</button> is not clickable at point (1751, 911). Other element would receive the click: <div class="status-bar">...</div>
  (Session info: chrome=151.0.7922.174); For documentation on this error, please visit: https://www.selenium.dev/documentation/webdriver/troubleshooting/errors#elementclickinterceptedexception
Stacktrace:
	chromedriver!GetHandleVerifier [0x7ff621b1abb5+151b5]
	chromedriver!GetHandleVerifier [0x7ff621b1ac10+15210]
	chromedriver!(No symbol) [0x7ff621645d6d]
	chromedriver!(No symbol) [0x7ff6216a90c5]
	chromedriver!(No symbol) [0x7ff6216a6cda]
	chromedriver!(No symbol) [0x7ff6216a4017]
	chromedriver!(No symbol) [0x7ff6216a2ec7]
	chromedriver!(No symbol) [0x7ff6216956f8]
	chromedriver!(No symbol) [0x7ff6216c9d0a]
	chromedriver!(No symbol) [0x7ff621694f76]
	chromedriver!(No symbol) [0x7ff6216eec0b]
	chromedriver!(No symbol) [0x7ff6216937cc]
	chromedriver!(No symbol) [0x7ff6216946f3]
	chromedriver!GetHandleVerifier [0x7ff62213b79b+635d9b]
	chromedriver!GetHandleVerifier [0x7ff622135ac6+6300c6]
	chromedriver!GetHandleVerifier [0x7ff62215bcee+6562ee]
	chromedriver!GetHandleVerifier [0x7ff621b38ffe+335fe]
	chromedriver!GetHandleVerifier [0x7ff621b4147c+3ba7c]
	chromedriver!GetHandleVerifier [0x7ff621b24d64+1f364]
	chromedriver!GetHandleVerifier [0x7ff621b24ef4+1f4f4]
	chromedriver!GetHandleVerifier [0x7ff621b07d97+2397]
	KERNEL32!BaseThreadInitThunk [0x7ff97a1f7374+14]
	ntdll!RtlUserThreadStart [0x7ff97ba9cc91+21]


During handling of the above exception, another exception occurred:

Traceback (most recent call last):
  File "D:\Universidad\Clases\D-CICLO-X-2026-2\CLASES\Data Science con Python\rpa_runner.py", line 139, in _safe_reset
    self._page.reset_form()
    ~~~~~~~~~~~~~~~~~~~~~^^
  File "D:\Universidad\Clases\D-CICLO-X-2026-2\CLASES\Data Science con Python\peoplesync_page.py", line 145, in reset_form
    btn.click()
    ~~~~~~~~~^^
  File "C:\Users\USUARIO\AppData\Local\Programs\Python\Python314\Lib\site-packages\selenium\webdriver\remote\webelement.py", line 114, in click
    self._execute(Command.CLICK_ELEMENT)
    ~~~~~~~~~~~~~^^^^^^^^^^^^^^^^^^^^^^^
  File "C:\Users\USUARIO\AppData\Local\Programs\Python\Python314\Lib\site-packages\selenium\webdriver\remote\webelement.py", line 508, in _execute
    return self._parent.execute(command, params)
           ~~~~~~~~~~~~~~~~~~~~^^^^^^^^^^^^^^^^^
  File "C:\Users\USUARIO\AppData\Local\Programs\Python\Python314\Lib\site-packages\selenium\webdriver\remote\webdriver.py", line 504, in execute
    self.error_handler.check_response(response)
    ~~~~~~~~~~~~~~~~~~~~~~~~~~~~~~~~~^^^^^^^^^^
  File "C:\Users\USUARIO\AppData\Local\Programs\Python\Python314\Lib\site-packages\selenium\webdriver\remote\errorhandler.py", line 232, in check_response
    raise exception_class(message, screen, stacktrace)
selenium.common.exceptions.ElementClickInterceptedException: Message: element click intercepted: Element <button class="btn btn-secondary" onclick="limpiarFormulario()">...</button> is not clickable at point (1611, 911). Other element would receive the click: <div class="status-bar">...</div>
  (Session info: chrome=151.0.7922.174); For documentation on this error, please visit: https://www.selenium.dev/documentation/webdriver/troubleshooting/errors#elementclickinterceptedexception
Stacktrace:
	chromedriver!GetHandleVerifier [0x7ff621b1abb5+151b5]
	chromedriver!GetHandleVerifier [0x7ff621b1ac10+15210]
	chromedriver!(No symbol) [0x7ff621645d6d]
	chromedriver!(No symbol) [0x7ff6216a90c5]
	chromedriver!(No symbol) [0x7ff6216a6cda]
	chromedriver!(No symbol) [0x7ff6216a4017]
	chromedriver!(No symbol) [0x7ff6216a2ec7]
	chromedriver!(No symbol) [0x7ff6216956f8]
	chromedriver!(No symbol) [0x7ff6216c9d0a]
	chromedriver!(No symbol) [0x7ff621694f76]
	chromedriver!(No symbol) [0x7ff6216eec0b]
	chromedriver!(No symbol) [0x7ff6216937cc]
	chromedriver!(No symbol) [0x7ff6216946f3]
	chromedriver!GetHandleVerifier [0x7ff62213b79b+635d9b]
	chromedriver!GetHandleVerifier [0x7ff622135ac6+6300c6]
	chromedriver!GetHandleVerifier [0x7ff62215bcee+6562ee]
	chromedriver!GetHandleVerifier [0x7ff621b38ffe+335fe]
	chromedriver!GetHandleVerifier [0x7ff621b4147c+3ba7c]
	chromedriver!GetHandleVerifier [0x7ff621b24d64+1f364]
	chromedriver!GetHandleVerifier [0x7ff621b24ef4+1f4f4]
	chromedriver!GetHandleVerifier [0x7ff621b07d97+2397]
	KERNEL32!BaseThreadInitThunk [0x7ff97a1f7374+14]
	ntdll!RtlUserThreadStart [0x7ff97ba9cc91+21]

2026-08-25 09:00:34,786 [WARNING] Registro 68215675 omitido (incompatible con el formulario): El valor 'No binario' del campo 'genero' no esta entre las opciones disponibles en el formulario.
2026-08-25 09:00:34,786 [WARNING] Registro 78922119 omitido (incompatible con el formulario): El valor 'No binario' del campo 'genero' no esta entre las opciones disponibles en el formulario.
2026-08-25 09:00:34,786 [WARNING] Registro 74591398 omitido (incompatible con el formulario): El valor 'Prefiero no indicar' del campo 'genero' no esta entre las opciones disponibles en el formulario.
2026-08-25 09:00:36,140 [ERROR] Error inesperado procesando el registro 44887419
Traceback (most recent call last):
  File "D:\Universidad\Clases\D-CICLO-X-2026-2\CLASES\Data Science con Python\rpa_runner.py", line 121, in _process_record
    outcome = self._page.submit_and_verify(record.dni)
  File "D:\Universidad\Clases\D-CICLO-X-2026-2\CLASES\Data Science con Python\peoplesync_page.py", line 94, in submit_and_verify
    btn.click()
    ~~~~~~~~~^^
  File "C:\Users\USUARIO\AppData\Local\Programs\Python\Python314\Lib\site-packages\selenium\webdriver\remote\webelement.py", line 114, in click
    self._execute(Command.CLICK_ELEMENT)
    ~~~~~~~~~~~~~^^^^^^^^^^^^^^^^^^^^^^^
  File "C:\Users\USUARIO\AppData\Local\Programs\Python\Python314\Lib\site-packages\selenium\webdriver\remote\webelement.py", line 508, in _execute
    return self._parent.execute(command, params)
           ~~~~~~~~~~~~~~~~~~~~^^^^^^^^^^^^^^^^^
  File "C:\Users\USUARIO\AppData\Local\Programs\Python\Python314\Lib\site-packages\selenium\webdriver\remote\webdriver.py", line 504, in execute
    self.error_handler.check_response(response)
    ~~~~~~~~~~~~~~~~~~~~~~~~~~~~~~~~~^^^^^^^^^^
  File "C:\Users\USUARIO\AppData\Local\Programs\Python\Python314\Lib\site-packages\selenium\webdriver\remote\errorhandler.py", line 232, in check_response
    raise exception_class(message, screen, stacktrace)
selenium.common.exceptions.ElementClickInterceptedException: Message: element click intercepted: Element <button class="btn btn-primary" id="btn-registrar" onclick="registrar()">...</button> is not clickable at point (1751, 911). Other element would receive the click: <div class="status-bar">...</div>
  (Session info: chrome=151.0.7922.174); For documentation on this error, please visit: https://www.selenium.dev/documentation/webdriver/troubleshooting/errors#elementclickinterceptedexception
Stacktrace:
	chromedriver!GetHandleVerifier [0x7ff621b1abb5+151b5]
	chromedriver!GetHandleVerifier [0x7ff621b1ac10+15210]
	chromedriver!(No symbol) [0x7ff621645d6d]
	chromedriver!(No symbol) [0x7ff6216a90c5]
	chromedriver!(No symbol) [0x7ff6216a6cda]
	chromedriver!(No symbol) [0x7ff6216a4017]
	chromedriver!(No symbol) [0x7ff6216a2ec7]
	chromedriver!(No symbol) [0x7ff6216956f8]
	chromedriver!(No symbol) [0x7ff6216c9d0a]
	chromedriver!(No symbol) [0x7ff621694f76]
	chromedriver!(No symbol) [0x7ff6216eec0b]
	chromedriver!(No symbol) [0x7ff6216937cc]
	chromedriver!(No symbol) [0x7ff6216946f3]
	chromedriver!GetHandleVerifier [0x7ff62213b79b+635d9b]
	chromedriver!GetHandleVerifier [0x7ff622135ac6+6300c6]
	chromedriver!GetHandleVerifier [0x7ff62215bcee+6562ee]
	chromedriver!GetHandleVerifier [0x7ff621b38ffe+335fe]
	chromedriver!GetHandleVerifier [0x7ff621b4147c+3ba7c]
	chromedriver!GetHandleVerifier [0x7ff621b24d64+1f364]
	chromedriver!GetHandleVerifier [0x7ff621b24ef4+1f4f4]
	chromedriver!GetHandleVerifier [0x7ff621b07d97+2397]
	KERNEL32!BaseThreadInitThunk [0x7ff97a1f7374+14]
	ntdll!RtlUserThreadStart [0x7ff97ba9cc91+21]

2026-08-25 09:00:37,210 [ERROR] No se pudo limpiar el formulario tras un fallo; se continua de todas formas.
Traceback (most recent call last):
  File "D:\Universidad\Clases\D-CICLO-X-2026-2\CLASES\Data Science con Python\rpa_runner.py", line 121, in _process_record
    outcome = self._page.submit_and_verify(record.dni)
  File "D:\Universidad\Clases\D-CICLO-X-2026-2\CLASES\Data Science con Python\peoplesync_page.py", line 94, in submit_and_verify
    btn.click()
    ~~~~~~~~~^^
  File "C:\Users\USUARIO\AppData\Local\Programs\Python\Python314\Lib\site-packages\selenium\webdriver\remote\webelement.py", line 114, in click
    self._execute(Command.CLICK_ELEMENT)
    ~~~~~~~~~~~~~^^^^^^^^^^^^^^^^^^^^^^^
  File "C:\Users\USUARIO\AppData\Local\Programs\Python\Python314\Lib\site-packages\selenium\webdriver\remote\webelement.py", line 508, in _execute
    return self._parent.execute(command, params)
           ~~~~~~~~~~~~~~~~~~~~^^^^^^^^^^^^^^^^^
  File "C:\Users\USUARIO\AppData\Local\Programs\Python\Python314\Lib\site-packages\selenium\webdriver\remote\webdriver.py", line 504, in execute
    self.error_handler.check_response(response)
    ~~~~~~~~~~~~~~~~~~~~~~~~~~~~~~~~~^^^^^^^^^^
  File "C:\Users\USUARIO\AppData\Local\Programs\Python\Python314\Lib\site-packages\selenium\webdriver\remote\errorhandler.py", line 232, in check_response
    raise exception_class(message, screen, stacktrace)
selenium.common.exceptions.ElementClickInterceptedException: Message: element click intercepted: Element <button class="btn btn-primary" id="btn-registrar" onclick="registrar()">...</button> is not clickable at point (1751, 911). Other element would receive the click: <div class="status-bar">...</div>
  (Session info: chrome=151.0.7922.174); For documentation on this error, please visit: https://www.selenium.dev/documentation/webdriver/troubleshooting/errors#elementclickinterceptedexception
Stacktrace:
	chromedriver!GetHandleVerifier [0x7ff621b1abb5+151b5]
	chromedriver!GetHandleVerifier [0x7ff621b1ac10+15210]
	chromedriver!(No symbol) [0x7ff621645d6d]
	chromedriver!(No symbol) [0x7ff6216a90c5]
	chromedriver!(No symbol) [0x7ff6216a6cda]
	chromedriver!(No symbol) [0x7ff6216a4017]
	chromedriver!(No symbol) [0x7ff6216a2ec7]
	chromedriver!(No symbol) [0x7ff6216956f8]
	chromedriver!(No symbol) [0x7ff6216c9d0a]
	chromedriver!(No symbol) [0x7ff621694f76]
	chromedriver!(No symbol) [0x7ff6216eec0b]
	chromedriver!(No symbol) [0x7ff6216937cc]
	chromedriver!(No symbol) [0x7ff6216946f3]
	chromedriver!GetHandleVerifier [0x7ff62213b79b+635d9b]
	chromedriver!GetHandleVerifier [0x7ff622135ac6+6300c6]
	chromedriver!GetHandleVerifier [0x7ff62215bcee+6562ee]
	chromedriver!GetHandleVerifier [0x7ff621b38ffe+335fe]
	chromedriver!GetHandleVerifier [0x7ff621b4147c+3ba7c]
	chromedriver!GetHandleVerifier [0x7ff621b24d64+1f364]
	chromedriver!GetHandleVerifier [0x7ff621b24ef4+1f4f4]
	chromedriver!GetHandleVerifier [0x7ff621b07d97+2397]
	KERNEL32!BaseThreadInitThunk [0x7ff97a1f7374+14]
	ntdll!RtlUserThreadStart [0x7ff97ba9cc91+21]


During handling of the above exception, another exception occurred:

Traceback (most recent call last):
  File "D:\Universidad\Clases\D-CICLO-X-2026-2\CLASES\Data Science con Python\rpa_runner.py", line 139, in _safe_reset
    self._page.reset_form()
    ~~~~~~~~~~~~~~~~~~~~~^^
  File "D:\Universidad\Clases\D-CICLO-X-2026-2\CLASES\Data Science con Python\peoplesync_page.py", line 145, in reset_form
    btn.click()
    ~~~~~~~~~^^
  File "C:\Users\USUARIO\AppData\Local\Programs\Python\Python314\Lib\site-packages\selenium\webdriver\remote\webelement.py", line 114, in click
    self._execute(Command.CLICK_ELEMENT)
    ~~~~~~~~~~~~~^^^^^^^^^^^^^^^^^^^^^^^
  File "C:\Users\USUARIO\AppData\Local\Programs\Python\Python314\Lib\site-packages\selenium\webdriver\remote\webelement.py", line 508, in _execute
    return self._parent.execute(command, params)
           ~~~~~~~~~~~~~~~~~~~~^^^^^^^^^^^^^^^^^
  File "C:\Users\USUARIO\AppData\Local\Programs\Python\Python314\Lib\site-packages\selenium\webdriver\remote\webdriver.py", line 504, in execute
    self.error_handler.check_response(response)
    ~~~~~~~~~~~~~~~~~~~~~~~~~~~~~~~~~^^^^^^^^^^
  File "C:\Users\USUARIO\AppData\Local\Programs\Python\Python314\Lib\site-packages\selenium\webdriver\remote\errorhandler.py", line 232, in check_response
    raise exception_class(message, screen, stacktrace)
selenium.common.exceptions.ElementClickInterceptedException: Message: element click intercepted: Element <button class="btn btn-secondary" onclick="limpiarFormulario()">...</button> is not clickable at point (1611, 911). Other element would receive the click: <div class="status-bar">...</div>
  (Session info: chrome=151.0.7922.174); For documentation on this error, please visit: https://www.selenium.dev/documentation/webdriver/troubleshooting/errors#elementclickinterceptedexception
Stacktrace:
	chromedriver!GetHandleVerifier [0x7ff621b1abb5+151b5]
	chromedriver!GetHandleVerifier [0x7ff621b1ac10+15210]
	chromedriver!(No symbol) [0x7ff621645d6d]
	chromedriver!(No symbol) [0x7ff6216a90c5]
	chromedriver!(No symbol) [0x7ff6216a6cda]
	chromedriver!(No symbol) [0x7ff6216a4017]
	chromedriver!(No symbol) [0x7ff6216a2ec7]
	chromedriver!(No symbol) [0x7ff6216956f8]
	chromedriver!(No symbol) [0x7ff6216c9d0a]
	chromedriver!(No symbol) [0x7ff621694f76]
	chromedriver!(No symbol) [0x7ff6216eec0b]
	chromedriver!(No symbol) [0x7ff6216937cc]
	chromedriver!(No symbol) [0x7ff6216946f3]
	chromedriver!GetHandleVerifier [0x7ff62213b79b+635d9b]
	chromedriver!GetHandleVerifier [0x7ff622135ac6+6300c6]
	chromedriver!GetHandleVerifier [0x7ff62215bcee+6562ee]
	chromedriver!GetHandleVerifier [0x7ff621b38ffe+335fe]
	chromedriver!GetHandleVerifier [0x7ff621b4147c+3ba7c]
	chromedriver!GetHandleVerifier [0x7ff621b24d64+1f364]
	chromedriver!GetHandleVerifier [0x7ff621b24ef4+1f4f4]
	chromedriver!GetHandleVerifier [0x7ff621b07d97+2397]
	KERNEL32!BaseThreadInitThunk [0x7ff97a1f7374+14]
	ntdll!RtlUserThreadStart [0x7ff97ba9cc91+21]

2026-08-25 09:00:38,587 [ERROR] Error inesperado procesando el registro 68531078
Traceback (most recent call last):
  File "D:\Universidad\Clases\D-CICLO-X-2026-2\CLASES\Data Science con Python\rpa_runner.py", line 121, in _process_record
    outcome = self._page.submit_and_verify(record.dni)
  File "D:\Universidad\Clases\D-CICLO-X-2026-2\CLASES\Data Science con Python\peoplesync_page.py", line 94, in submit_and_verify
    btn.click()
    ~~~~~~~~~^^
  File "C:\Users\USUARIO\AppData\Local\Programs\Python\Python314\Lib\site-packages\selenium\webdriver\remote\webelement.py", line 114, in click
    self._execute(Command.CLICK_ELEMENT)
    ~~~~~~~~~~~~~^^^^^^^^^^^^^^^^^^^^^^^
  File "C:\Users\USUARIO\AppData\Local\Programs\Python\Python314\Lib\site-packages\selenium\webdriver\remote\webelement.py", line 508, in _execute
    return self._parent.execute(command, params)
           ~~~~~~~~~~~~~~~~~~~~^^^^^^^^^^^^^^^^^
  File "C:\Users\USUARIO\AppData\Local\Programs\Python\Python314\Lib\site-packages\selenium\webdriver\remote\webdriver.py", line 504, in execute
    self.error_handler.check_response(response)
    ~~~~~~~~~~~~~~~~~~~~~~~~~~~~~~~~~^^^^^^^^^^
  File "C:\Users\USUARIO\AppData\Local\Programs\Python\Python314\Lib\site-packages\selenium\webdriver\remote\errorhandler.py", line 232, in check_response
    raise exception_class(message, screen, stacktrace)
selenium.common.exceptions.ElementClickInterceptedException: Message: element click intercepted: Element <button class="btn btn-primary" id="btn-registrar" onclick="registrar()">...</button> is not clickable at point (1751, 911). Other element would receive the click: <div class="status-bar">...</div>
  (Session info: chrome=151.0.7922.174); For documentation on this error, please visit: https://www.selenium.dev/documentation/webdriver/troubleshooting/errors#elementclickinterceptedexception
Stacktrace:
	chromedriver!GetHandleVerifier [0x7ff621b1abb5+151b5]
	chromedriver!GetHandleVerifier [0x7ff621b1ac10+15210]
	chromedriver!(No symbol) [0x7ff621645d6d]
	chromedriver!(No symbol) [0x7ff6216a90c5]
	chromedriver!(No symbol) [0x7ff6216a6cda]
	chromedriver!(No symbol) [0x7ff6216a4017]
	chromedriver!(No symbol) [0x7ff6216a2ec7]
	chromedriver!(No symbol) [0x7ff6216956f8]
	chromedriver!(No symbol) [0x7ff6216c9d0a]
	chromedriver!(No symbol) [0x7ff621694f76]
	chromedriver!(No symbol) [0x7ff6216eec0b]
	chromedriver!(No symbol) [0x7ff6216937cc]
	chromedriver!(No symbol) [0x7ff6216946f3]
	chromedriver!GetHandleVerifier [0x7ff62213b79b+635d9b]
	chromedriver!GetHandleVerifier [0x7ff622135ac6+6300c6]
	chromedriver!GetHandleVerifier [0x7ff62215bcee+6562ee]
	chromedriver!GetHandleVerifier [0x7ff621b38ffe+335fe]
	chromedriver!GetHandleVerifier [0x7ff621b4147c+3ba7c]
	chromedriver!GetHandleVerifier [0x7ff621b24d64+1f364]
	chromedriver!GetHandleVerifier [0x7ff621b24ef4+1f4f4]
	chromedriver!GetHandleVerifier [0x7ff621b07d97+2397]
	KERNEL32!BaseThreadInitThunk [0x7ff97a1f7374+14]
	ntdll!RtlUserThreadStart [0x7ff97ba9cc91+21]

2026-08-25 09:00:39,666 [ERROR] No se pudo limpiar el formulario tras un fallo; se continua de todas formas.
Traceback (most recent call last):
  File "D:\Universidad\Clases\D-CICLO-X-2026-2\CLASES\Data Science con Python\rpa_runner.py", line 121, in _process_record
    outcome = self._page.submit_and_verify(record.dni)
  File "D:\Universidad\Clases\D-CICLO-X-2026-2\CLASES\Data Science con Python\peoplesync_page.py", line 94, in submit_and_verify
    btn.click()
    ~~~~~~~~~^^
  File "C:\Users\USUARIO\AppData\Local\Programs\Python\Python314\Lib\site-packages\selenium\webdriver\remote\webelement.py", line 114, in click
    self._execute(Command.CLICK_ELEMENT)
    ~~~~~~~~~~~~~^^^^^^^^^^^^^^^^^^^^^^^
  File "C:\Users\USUARIO\AppData\Local\Programs\Python\Python314\Lib\site-packages\selenium\webdriver\remote\webelement.py", line 508, in _execute
    return self._parent.execute(command, params)
           ~~~~~~~~~~~~~~~~~~~~^^^^^^^^^^^^^^^^^
  File "C:\Users\USUARIO\AppData\Local\Programs\Python\Python314\Lib\site-packages\selenium\webdriver\remote\webdriver.py", line 504, in execute
    self.error_handler.check_response(response)
    ~~~~~~~~~~~~~~~~~~~~~~~~~~~~~~~~~^^^^^^^^^^
  File "C:\Users\USUARIO\AppData\Local\Programs\Python\Python314\Lib\site-packages\selenium\webdriver\remote\errorhandler.py", line 232, in check_response
    raise exception_class(message, screen, stacktrace)
selenium.common.exceptions.ElementClickInterceptedException: Message: element click intercepted: Element <button class="btn btn-primary" id="btn-registrar" onclick="registrar()">...</button> is not clickable at point (1751, 911). Other element would receive the click: <div class="status-bar">...</div>
  (Session info: chrome=151.0.7922.174); For documentation on this error, please visit: https://www.selenium.dev/documentation/webdriver/troubleshooting/errors#elementclickinterceptedexception
Stacktrace:
	chromedriver!GetHandleVerifier [0x7ff621b1abb5+151b5]
	chromedriver!GetHandleVerifier [0x7ff621b1ac10+15210]
	chromedriver!(No symbol) [0x7ff621645d6d]
	chromedriver!(No symbol) [0x7ff6216a90c5]
	chromedriver!(No symbol) [0x7ff6216a6cda]
	chromedriver!(No symbol) [0x7ff6216a4017]
	chromedriver!(No symbol) [0x7ff6216a2ec7]
	chromedriver!(No symbol) [0x7ff6216956f8]
	chromedriver!(No symbol) [0x7ff6216c9d0a]
	chromedriver!(No symbol) [0x7ff621694f76]
	chromedriver!(No symbol) [0x7ff6216eec0b]
	chromedriver!(No symbol) [0x7ff6216937cc]
	chromedriver!(No symbol) [0x7ff6216946f3]
	chromedriver!GetHandleVerifier [0x7ff62213b79b+635d9b]
	chromedriver!GetHandleVerifier [0x7ff622135ac6+6300c6]
	chromedriver!GetHandleVerifier [0x7ff62215bcee+6562ee]
	chromedriver!GetHandleVerifier [0x7ff621b38ffe+335fe]
	chromedriver!GetHandleVerifier [0x7ff621b4147c+3ba7c]
	chromedriver!GetHandleVerifier [0x7ff621b24d64+1f364]
	chromedriver!GetHandleVerifier [0x7ff621b24ef4+1f4f4]
	chromedriver!GetHandleVerifier [0x7ff621b07d97+2397]
	KERNEL32!BaseThreadInitThunk [0x7ff97a1f7374+14]
	ntdll!RtlUserThreadStart [0x7ff97ba9cc91+21]


During handling of the above exception, another exception occurred:

Traceback (most recent call last):
  File "D:\Universidad\Clases\D-CICLO-X-2026-2\CLASES\Data Science con Python\rpa_runner.py", line 139, in _safe_reset
    self._page.reset_form()
    ~~~~~~~~~~~~~~~~~~~~~^^
  File "D:\Universidad\Clases\D-CICLO-X-2026-2\CLASES\Data Science con Python\peoplesync_page.py", line 145, in reset_form
    btn.click()
    ~~~~~~~~~^^
  File "C:\Users\USUARIO\AppData\Local\Programs\Python\Python314\Lib\site-packages\selenium\webdriver\remote\webelement.py", line 114, in click
    self._execute(Command.CLICK_ELEMENT)
    ~~~~~~~~~~~~~^^^^^^^^^^^^^^^^^^^^^^^
  File "C:\Users\USUARIO\AppData\Local\Programs\Python\Python314\Lib\site-packages\selenium\webdriver\remote\webelement.py", line 508, in _execute
    return self._parent.execute(command, params)
           ~~~~~~~~~~~~~~~~~~~~^^^^^^^^^^^^^^^^^
  File "C:\Users\USUARIO\AppData\Local\Programs\Python\Python314\Lib\site-packages\selenium\webdriver\remote\webdriver.py", line 504, in execute
    self.error_handler.check_response(response)
    ~~~~~~~~~~~~~~~~~~~~~~~~~~~~~~~~~^^^^^^^^^^
  File "C:\Users\USUARIO\AppData\Local\Programs\Python\Python314\Lib\site-packages\selenium\webdriver\remote\errorhandler.py", line 232, in check_response
    raise exception_class(message, screen, stacktrace)
selenium.common.exceptions.ElementClickInterceptedException: Message: element click intercepted: Element <button class="btn btn-secondary" onclick="limpiarFormulario()">...</button> is not clickable at point (1611, 911). Other element would receive the click: <div class="status-bar">...</div>
  (Session info: chrome=151.0.7922.174); For documentation on this error, please visit: https://www.selenium.dev/documentation/webdriver/troubleshooting/errors#elementclickinterceptedexception
Stacktrace:
	chromedriver!GetHandleVerifier [0x7ff621b1abb5+151b5]
	chromedriver!GetHandleVerifier [0x7ff621b1ac10+15210]
	chromedriver!(No symbol) [0x7ff621645d6d]
	chromedriver!(No symbol) [0x7ff6216a90c5]
	chromedriver!(No symbol) [0x7ff6216a6cda]
	chromedriver!(No symbol) [0x7ff6216a4017]
	chromedriver!(No symbol) [0x7ff6216a2ec7]
	chromedriver!(No symbol) [0x7ff6216956f8]
	chromedriver!(No symbol) [0x7ff6216c9d0a]
	chromedriver!(No symbol) [0x7ff621694f76]
	chromedriver!(No symbol) [0x7ff6216eec0b]
	chromedriver!(No symbol) [0x7ff6216937cc]
	chromedriver!(No symbol) [0x7ff6216946f3]
	chromedriver!GetHandleVerifier [0x7ff62213b79b+635d9b]
	chromedriver!GetHandleVerifier [0x7ff622135ac6+6300c6]
	chromedriver!GetHandleVerifier [0x7ff62215bcee+6562ee]
	chromedriver!GetHandleVerifier [0x7ff621b38ffe+335fe]
	chromedriver!GetHandleVerifier [0x7ff621b4147c+3ba7c]
	chromedriver!GetHandleVerifier [0x7ff621b24d64+1f364]
	chromedriver!GetHandleVerifier [0x7ff621b24ef4+1f4f4]
	chromedriver!GetHandleVerifier [0x7ff621b07d97+2397]
	KERNEL32!BaseThreadInitThunk [0x7ff97a1f7374+14]
	ntdll!RtlUserThreadStart [0x7ff97ba9cc91+21]

2026-08-25 09:00:39,673 [WARNING] Registro 77508841 omitido (incompatible con el formulario): El valor 'Prefiero no indicar' del campo 'genero' no esta entre las opciones disponibles en el formulario.
2026-08-25 09:00:39,673 [WARNING] Registro 58610049 omitido (incompatible con el formulario): El valor 'Prefiero no indicar' del campo 'genero' no esta entre las opciones disponibles en el formulario.
2026-08-25 09:00:41,035 [ERROR] Error inesperado procesando el registro 49286126
Traceback (most recent call last):
  File "D:\Universidad\Clases\D-CICLO-X-2026-2\CLASES\Data Science con Python\rpa_runner.py", line 121, in _process_record
    outcome = self._page.submit_and_verify(record.dni)
  File "D:\Universidad\Clases\D-CICLO-X-2026-2\CLASES\Data Science con Python\peoplesync_page.py", line 94, in submit_and_verify
    btn.click()
    ~~~~~~~~~^^
  File "C:\Users\USUARIO\AppData\Local\Programs\Python\Python314\Lib\site-packages\selenium\webdriver\remote\webelement.py", line 114, in click
    self._execute(Command.CLICK_ELEMENT)
    ~~~~~~~~~~~~~^^^^^^^^^^^^^^^^^^^^^^^
  File "C:\Users\USUARIO\AppData\Local\Programs\Python\Python314\Lib\site-packages\selenium\webdriver\remote\webelement.py", line 508, in _execute
    return self._parent.execute(command, params)
           ~~~~~~~~~~~~~~~~~~~~^^^^^^^^^^^^^^^^^
  File "C:\Users\USUARIO\AppData\Local\Programs\Python\Python314\Lib\site-packages\selenium\webdriver\remote\webdriver.py", line 504, in execute
    self.error_handler.check_response(response)
    ~~~~~~~~~~~~~~~~~~~~~~~~~~~~~~~~~^^^^^^^^^^
  File "C:\Users\USUARIO\AppData\Local\Programs\Python\Python314\Lib\site-packages\selenium\webdriver\remote\errorhandler.py", line 232, in check_response
    raise exception_class(message, screen, stacktrace)
selenium.common.exceptions.ElementClickInterceptedException: Message: element click intercepted: Element <button class="btn btn-primary" id="btn-registrar" onclick="registrar()">...</button> is not clickable at point (1751, 911). Other element would receive the click: <div class="status-bar">...</div>
  (Session info: chrome=151.0.7922.174); For documentation on this error, please visit: https://www.selenium.dev/documentation/webdriver/troubleshooting/errors#elementclickinterceptedexception
Stacktrace:
	chromedriver!GetHandleVerifier [0x7ff621b1abb5+151b5]
	chromedriver!GetHandleVerifier [0x7ff621b1ac10+15210]
	chromedriver!(No symbol) [0x7ff621645d6d]
	chromedriver!(No symbol) [0x7ff6216a90c5]
	chromedriver!(No symbol) [0x7ff6216a6cda]
	chromedriver!(No symbol) [0x7ff6216a4017]
	chromedriver!(No symbol) [0x7ff6216a2ec7]
	chromedriver!(No symbol) [0x7ff6216956f8]
	chromedriver!(No symbol) [0x7ff6216c9d0a]
	chromedriver!(No symbol) [0x7ff621694f76]
	chromedriver!(No symbol) [0x7ff6216eec0b]
	chromedriver!(No symbol) [0x7ff6216937cc]
	chromedriver!(No symbol) [0x7ff6216946f3]
	chromedriver!GetHandleVerifier [0x7ff62213b79b+635d9b]
	chromedriver!GetHandleVerifier [0x7ff622135ac6+6300c6]
	chromedriver!GetHandleVerifier [0x7ff62215bcee+6562ee]
	chromedriver!GetHandleVerifier [0x7ff621b38ffe+335fe]
	chromedriver!GetHandleVerifier [0x7ff621b4147c+3ba7c]
	chromedriver!GetHandleVerifier [0x7ff621b24d64+1f364]
	chromedriver!GetHandleVerifier [0x7ff621b24ef4+1f4f4]
	chromedriver!GetHandleVerifier [0x7ff621b07d97+2397]
	KERNEL32!BaseThreadInitThunk [0x7ff97a1f7374+14]
	ntdll!RtlUserThreadStart [0x7ff97ba9cc91+21]

2026-08-25 09:00:42,098 [ERROR] No se pudo limpiar el formulario tras un fallo; se continua de todas formas.
Traceback (most recent call last):
  File "D:\Universidad\Clases\D-CICLO-X-2026-2\CLASES\Data Science con Python\rpa_runner.py", line 121, in _process_record
    outcome = self._page.submit_and_verify(record.dni)
  File "D:\Universidad\Clases\D-CICLO-X-2026-2\CLASES\Data Science con Python\peoplesync_page.py", line 94, in submit_and_verify
    btn.click()
    ~~~~~~~~~^^
  File "C:\Users\USUARIO\AppData\Local\Programs\Python\Python314\Lib\site-packages\selenium\webdriver\remote\webelement.py", line 114, in click
    self._execute(Command.CLICK_ELEMENT)
    ~~~~~~~~~~~~~^^^^^^^^^^^^^^^^^^^^^^^
  File "C:\Users\USUARIO\AppData\Local\Programs\Python\Python314\Lib\site-packages\selenium\webdriver\remote\webelement.py", line 508, in _execute
    return self._parent.execute(command, params)
           ~~~~~~~~~~~~~~~~~~~~^^^^^^^^^^^^^^^^^
  File "C:\Users\USUARIO\AppData\Local\Programs\Python\Python314\Lib\site-packages\selenium\webdriver\remote\webdriver.py", line 504, in execute
    self.error_handler.check_response(response)
    ~~~~~~~~~~~~~~~~~~~~~~~~~~~~~~~~~^^^^^^^^^^
  File "C:\Users\USUARIO\AppData\Local\Programs\Python\Python314\Lib\site-packages\selenium\webdriver\remote\errorhandler.py", line 232, in check_response
    raise exception_class(message, screen, stacktrace)
selenium.common.exceptions.ElementClickInterceptedException: Message: element click intercepted: Element <button class="btn btn-primary" id="btn-registrar" onclick="registrar()">...</button> is not clickable at point (1751, 911). Other element would receive the click: <div class="status-bar">...</div>
  (Session info: chrome=151.0.7922.174); For documentation on this error, please visit: https://www.selenium.dev/documentation/webdriver/troubleshooting/errors#elementclickinterceptedexception
Stacktrace:
	chromedriver!GetHandleVerifier [0x7ff621b1abb5+151b5]
	chromedriver!GetHandleVerifier [0x7ff621b1ac10+15210]
	chromedriver!(No symbol) [0x7ff621645d6d]
	chromedriver!(No symbol) [0x7ff6216a90c5]
	chromedriver!(No symbol) [0x7ff6216a6cda]
	chromedriver!(No symbol) [0x7ff6216a4017]
	chromedriver!(No symbol) [0x7ff6216a2ec7]
	chromedriver!(No symbol) [0x7ff6216956f8]
	chromedriver!(No symbol) [0x7ff6216c9d0a]
	chromedriver!(No symbol) [0x7ff621694f76]
	chromedriver!(No symbol) [0x7ff6216eec0b]
	chromedriver!(No symbol) [0x7ff6216937cc]
	chromedriver!(No symbol) [0x7ff6216946f3]
	chromedriver!GetHandleVerifier [0x7ff62213b79b+635d9b]
	chromedriver!GetHandleVerifier [0x7ff622135ac6+6300c6]
	chromedriver!GetHandleVerifier [0x7ff62215bcee+6562ee]
	chromedriver!GetHandleVerifier [0x7ff621b38ffe+335fe]
	chromedriver!GetHandleVerifier [0x7ff621b4147c+3ba7c]
	chromedriver!GetHandleVerifier [0x7ff621b24d64+1f364]
	chromedriver!GetHandleVerifier [0x7ff621b24ef4+1f4f4]
	chromedriver!GetHandleVerifier [0x7ff621b07d97+2397]
	KERNEL32!BaseThreadInitThunk [0x7ff97a1f7374+14]
	ntdll!RtlUserThreadStart [0x7ff97ba9cc91+21]


During handling of the above exception, another exception occurred:

Traceback (most recent call last):
  File "D:\Universidad\Clases\D-CICLO-X-2026-2\CLASES\Data Science con Python\rpa_runner.py", line 139, in _safe_reset
    self._page.reset_form()
    ~~~~~~~~~~~~~~~~~~~~~^^
  File "D:\Universidad\Clases\D-CICLO-X-2026-2\CLASES\Data Science con Python\peoplesync_page.py", line 145, in reset_form
    btn.click()
    ~~~~~~~~~^^
  File "C:\Users\USUARIO\AppData\Local\Programs\Python\Python314\Lib\site-packages\selenium\webdriver\remote\webelement.py", line 114, in click
    self._execute(Command.CLICK_ELEMENT)
    ~~~~~~~~~~~~~^^^^^^^^^^^^^^^^^^^^^^^
  File "C:\Users\USUARIO\AppData\Local\Programs\Python\Python314\Lib\site-packages\selenium\webdriver\remote\webelement.py", line 508, in _execute
    return self._parent.execute(command, params)
           ~~~~~~~~~~~~~~~~~~~~^^^^^^^^^^^^^^^^^
  File "C:\Users\USUARIO\AppData\Local\Programs\Python\Python314\Lib\site-packages\selenium\webdriver\remote\webdriver.py", line 504, in execute
    self.error_handler.check_response(response)
    ~~~~~~~~~~~~~~~~~~~~~~~~~~~~~~~~~^^^^^^^^^^
  File "C:\Users\USUARIO\AppData\Local\Programs\Python\Python314\Lib\site-packages\selenium\webdriver\remote\errorhandler.py", line 232, in check_response
    raise exception_class(message, screen, stacktrace)
selenium.common.exceptions.ElementClickInterceptedException: Message: element click intercepted: Element <button class="btn btn-secondary" onclick="limpiarFormulario()">...</button> is not clickable at point (1611, 911). Other element would receive the click: <div class="status-bar">...</div>
  (Session info: chrome=151.0.7922.174); For documentation on this error, please visit: https://www.selenium.dev/documentation/webdriver/troubleshooting/errors#elementclickinterceptedexception
Stacktrace:
	chromedriver!GetHandleVerifier [0x7ff621b1abb5+151b5]
	chromedriver!GetHandleVerifier [0x7ff621b1ac10+15210]
	chromedriver!(No symbol) [0x7ff621645d6d]
	chromedriver!(No symbol) [0x7ff6216a90c5]
	chromedriver!(No symbol) [0x7ff6216a6cda]
	chromedriver!(No symbol) [0x7ff6216a4017]
	chromedriver!(No symbol) [0x7ff6216a2ec7]
	chromedriver!(No symbol) [0x7ff6216956f8]
	chromedriver!(No symbol) [0x7ff6216c9d0a]
	chromedriver!(No symbol) [0x7ff621694f76]
	chromedriver!(No symbol) [0x7ff6216eec0b]
	chromedriver!(No symbol) [0x7ff6216937cc]
	chromedriver!(No symbol) [0x7ff6216946f3]
	chromedriver!GetHandleVerifier [0x7ff62213b79b+635d9b]
	chromedriver!GetHandleVerifier [0x7ff622135ac6+6300c6]
	chromedriver!GetHandleVerifier [0x7ff62215bcee+6562ee]
	chromedriver!GetHandleVerifier [0x7ff621b38ffe+335fe]
	chromedriver!GetHandleVerifier [0x7ff621b4147c+3ba7c]
	chromedriver!GetHandleVerifier [0x7ff621b24d64+1f364]
	chromedriver!GetHandleVerifier [0x7ff621b24ef4+1f4f4]
	chromedriver!GetHandleVerifier [0x7ff621b07d97+2397]
	KERNEL32!BaseThreadInitThunk [0x7ff97a1f7374+14]
	ntdll!RtlUserThreadStart [0x7ff97ba9cc91+21]

2026-08-25 09:00:42,100 [WARNING] Registro 67902136 omitido (incompatible con el formulario): El valor 'Prefiero no indicar' del campo 'genero' no esta entre las opciones disponibles en el formulario.
2026-08-25 09:00:42,100 [WARNING] Registro 66171560 omitido (incompatible con el formulario): El valor 'Prefiero no indicar' del campo 'genero' no esta entre las opciones disponibles en el formulario.
2026-08-25 09:00:42,101 [WARNING] Registro 66095765 omitido (incompatible con el formulario): El valor 'No binario' del campo 'genero' no esta entre las opciones disponibles en el formulario.
2026-08-25 09:00:43,485 [ERROR] Error inesperado procesando el registro 68763716
Traceback (most recent call last):
  File "D:\Universidad\Clases\D-CICLO-X-2026-2\CLASES\Data Science con Python\rpa_runner.py", line 121, in _process_record
    outcome = self._page.submit_and_verify(record.dni)
  File "D:\Universidad\Clases\D-CICLO-X-2026-2\CLASES\Data Science con Python\peoplesync_page.py", line 94, in submit_and_verify
    btn.click()
    ~~~~~~~~~^^
  File "C:\Users\USUARIO\AppData\Local\Programs\Python\Python314\Lib\site-packages\selenium\webdriver\remote\webelement.py", line 114, in click
    self._execute(Command.CLICK_ELEMENT)
    ~~~~~~~~~~~~~^^^^^^^^^^^^^^^^^^^^^^^
  File "C:\Users\USUARIO\AppData\Local\Programs\Python\Python314\Lib\site-packages\selenium\webdriver\remote\webelement.py", line 508, in _execute
    return self._parent.execute(command, params)
           ~~~~~~~~~~~~~~~~~~~~^^^^^^^^^^^^^^^^^
  File "C:\Users\USUARIO\AppData\Local\Programs\Python\Python314\Lib\site-packages\selenium\webdriver\remote\webdriver.py", line 504, in execute
    self.error_handler.check_response(response)
    ~~~~~~~~~~~~~~~~~~~~~~~~~~~~~~~~~^^^^^^^^^^
  File "C:\Users\USUARIO\AppData\Local\Programs\Python\Python314\Lib\site-packages\selenium\webdriver\remote\errorhandler.py", line 232, in check_response
    raise exception_class(message, screen, stacktrace)
selenium.common.exceptions.ElementClickInterceptedException: Message: element click intercepted: Element <button class="btn btn-primary" id="btn-registrar" onclick="registrar()">...</button> is not clickable at point (1751, 911). Other element would receive the click: <div class="status-bar">...</div>
  (Session info: chrome=151.0.7922.174); For documentation on this error, please visit: https://www.selenium.dev/documentation/webdriver/troubleshooting/errors#elementclickinterceptedexception
Stacktrace:
	chromedriver!GetHandleVerifier [0x7ff621b1abb5+151b5]
	chromedriver!GetHandleVerifier [0x7ff621b1ac10+15210]
	chromedriver!(No symbol) [0x7ff621645d6d]
	chromedriver!(No symbol) [0x7ff6216a90c5]
	chromedriver!(No symbol) [0x7ff6216a6cda]
	chromedriver!(No symbol) [0x7ff6216a4017]
	chromedriver!(No symbol) [0x7ff6216a2ec7]
	chromedriver!(No symbol) [0x7ff6216956f8]
	chromedriver!(No symbol) [0x7ff6216c9d0a]
	chromedriver!(No symbol) [0x7ff621694f76]
	chromedriver!(No symbol) [0x7ff6216eec0b]
	chromedriver!(No symbol) [0x7ff6216937cc]
	chromedriver!(No symbol) [0x7ff6216946f3]
	chromedriver!GetHandleVerifier [0x7ff62213b79b+635d9b]
	chromedriver!GetHandleVerifier [0x7ff622135ac6+6300c6]
	chromedriver!GetHandleVerifier [0x7ff62215bcee+6562ee]
	chromedriver!GetHandleVerifier [0x7ff621b38ffe+335fe]
	chromedriver!GetHandleVerifier [0x7ff621b4147c+3ba7c]
	chromedriver!GetHandleVerifier [0x7ff621b24d64+1f364]
	chromedriver!GetHandleVerifier [0x7ff621b24ef4+1f4f4]
	chromedriver!GetHandleVerifier [0x7ff621b07d97+2397]
	KERNEL32!BaseThreadInitThunk [0x7ff97a1f7374+14]
	ntdll!RtlUserThreadStart [0x7ff97ba9cc91+21]

2026-08-25 09:00:44,546 [ERROR] No se pudo limpiar el formulario tras un fallo; se continua de todas formas.
Traceback (most recent call last):
  File "D:\Universidad\Clases\D-CICLO-X-2026-2\CLASES\Data Science con Python\rpa_runner.py", line 121, in _process_record
    outcome = self._page.submit_and_verify(record.dni)
  File "D:\Universidad\Clases\D-CICLO-X-2026-2\CLASES\Data Science con Python\peoplesync_page.py", line 94, in submit_and_verify
    btn.click()
    ~~~~~~~~~^^
  File "C:\Users\USUARIO\AppData\Local\Programs\Python\Python314\Lib\site-packages\selenium\webdriver\remote\webelement.py", line 114, in click
    self._execute(Command.CLICK_ELEMENT)
    ~~~~~~~~~~~~~^^^^^^^^^^^^^^^^^^^^^^^
  File "C:\Users\USUARIO\AppData\Local\Programs\Python\Python314\Lib\site-packages\selenium\webdriver\remote\webelement.py", line 508, in _execute
    return self._parent.execute(command, params)
           ~~~~~~~~~~~~~~~~~~~~^^^^^^^^^^^^^^^^^
  File "C:\Users\USUARIO\AppData\Local\Programs\Python\Python314\Lib\site-packages\selenium\webdriver\remote\webdriver.py", line 504, in execute
    self.error_handler.check_response(response)
    ~~~~~~~~~~~~~~~~~~~~~~~~~~~~~~~~~^^^^^^^^^^
  File "C:\Users\USUARIO\AppData\Local\Programs\Python\Python314\Lib\site-packages\selenium\webdriver\remote\errorhandler.py", line 232, in check_response
    raise exception_class(message, screen, stacktrace)
selenium.common.exceptions.ElementClickInterceptedException: Message: element click intercepted: Element <button class="btn btn-primary" id="btn-registrar" onclick="registrar()">...</button> is not clickable at point (1751, 911). Other element would receive the click: <div class="status-bar">...</div>
  (Session info: chrome=151.0.7922.174); For documentation on this error, please visit: https://www.selenium.dev/documentation/webdriver/troubleshooting/errors#elementclickinterceptedexception
Stacktrace:
	chromedriver!GetHandleVerifier [0x7ff621b1abb5+151b5]
	chromedriver!GetHandleVerifier [0x7ff621b1ac10+15210]
	chromedriver!(No symbol) [0x7ff621645d6d]
	chromedriver!(No symbol) [0x7ff6216a90c5]
	chromedriver!(No symbol) [0x7ff6216a6cda]
	chromedriver!(No symbol) [0x7ff6216a4017]
	chromedriver!(No symbol) [0x7ff6216a2ec7]
	chromedriver!(No symbol) [0x7ff6216956f8]
	chromedriver!(No symbol) [0x7ff6216c9d0a]
	chromedriver!(No symbol) [0x7ff621694f76]
	chromedriver!(No symbol) [0x7ff6216eec0b]
	chromedriver!(No symbol) [0x7ff6216937cc]
	chromedriver!(No symbol) [0x7ff6216946f3]
	chromedriver!GetHandleVerifier [0x7ff62213b79b+635d9b]
	chromedriver!GetHandleVerifier [0x7ff622135ac6+6300c6]
	chromedriver!GetHandleVerifier [0x7ff62215bcee+6562ee]
	chromedriver!GetHandleVerifier [0x7ff621b38ffe+335fe]
	chromedriver!GetHandleVerifier [0x7ff621b4147c+3ba7c]
	chromedriver!GetHandleVerifier [0x7ff621b24d64+1f364]
	chromedriver!GetHandleVerifier [0x7ff621b24ef4+1f4f4]
	chromedriver!GetHandleVerifier [0x7ff621b07d97+2397]
	KERNEL32!BaseThreadInitThunk [0x7ff97a1f7374+14]
	ntdll!RtlUserThreadStart [0x7ff97ba9cc91+21]


During handling of the above exception, another exception occurred:

Traceback (most recent call last):
  File "D:\Universidad\Clases\D-CICLO-X-2026-2\CLASES\Data Science con Python\rpa_runner.py", line 139, in _safe_reset
    self._page.reset_form()
    ~~~~~~~~~~~~~~~~~~~~~^^
  File "D:\Universidad\Clases\D-CICLO-X-2026-2\CLASES\Data Science con Python\peoplesync_page.py", line 145, in reset_form
    btn.click()
    ~~~~~~~~~^^
  File "C:\Users\USUARIO\AppData\Local\Programs\Python\Python314\Lib\site-packages\selenium\webdriver\remote\webelement.py", line 114, in click
    self._execute(Command.CLICK_ELEMENT)
    ~~~~~~~~~~~~~^^^^^^^^^^^^^^^^^^^^^^^
  File "C:\Users\USUARIO\AppData\Local\Programs\Python\Python314\Lib\site-packages\selenium\webdriver\remote\webelement.py", line 508, in _execute
    return self._parent.execute(command, params)
           ~~~~~~~~~~~~~~~~~~~~^^^^^^^^^^^^^^^^^
  File "C:\Users\USUARIO\AppData\Local\Programs\Python\Python314\Lib\site-packages\selenium\webdriver\remote\webdriver.py", line 504, in execute
    self.error_handler.check_response(response)
    ~~~~~~~~~~~~~~~~~~~~~~~~~~~~~~~~~^^^^^^^^^^
  File "C:\Users\USUARIO\AppData\Local\Programs\Python\Python314\Lib\site-packages\selenium\webdriver\remote\errorhandler.py", line 232, in check_response
    raise exception_class(message, screen, stacktrace)
selenium.common.exceptions.ElementClickInterceptedException: Message: element click intercepted: Element <button class="btn btn-secondary" onclick="limpiarFormulario()">...</button> is not clickable at point (1611, 911). Other element would receive the click: <div class="status-bar">...</div>
  (Session info: chrome=151.0.7922.174); For documentation on this error, please visit: https://www.selenium.dev/documentation/webdriver/troubleshooting/errors#elementclickinterceptedexception
Stacktrace:
	chromedriver!GetHandleVerifier [0x7ff621b1abb5+151b5]
	chromedriver!GetHandleVerifier [0x7ff621b1ac10+15210]
	chromedriver!(No symbol) [0x7ff621645d6d]
	chromedriver!(No symbol) [0x7ff6216a90c5]
	chromedriver!(No symbol) [0x7ff6216a6cda]
	chromedriver!(No symbol) [0x7ff6216a4017]
	chromedriver!(No symbol) [0x7ff6216a2ec7]
	chromedriver!(No symbol) [0x7ff6216956f8]
	chromedriver!(No symbol) [0x7ff6216c9d0a]
	chromedriver!(No symbol) [0x7ff621694f76]
	chromedriver!(No symbol) [0x7ff6216eec0b]
	chromedriver!(No symbol) [0x7ff6216937cc]
	chromedriver!(No symbol) [0x7ff6216946f3]
	chromedriver!GetHandleVerifier [0x7ff62213b79b+635d9b]
	chromedriver!GetHandleVerifier [0x7ff622135ac6+6300c6]
	chromedriver!GetHandleVerifier [0x7ff62215bcee+6562ee]
	chromedriver!GetHandleVerifier [0x7ff621b38ffe+335fe]
	chromedriver!GetHandleVerifier [0x7ff621b4147c+3ba7c]
	chromedriver!GetHandleVerifier [0x7ff621b24d64+1f364]
	chromedriver!GetHandleVerifier [0x7ff621b24ef4+1f4f4]
	chromedriver!GetHandleVerifier [0x7ff621b07d97+2397]
	KERNEL32!BaseThreadInitThunk [0x7ff97a1f7374+14]
	ntdll!RtlUserThreadStart [0x7ff97ba9cc91+21]

2026-08-25 09:00:44,548 [WARNING] Registro 58673485 omitido (incompatible con el formulario): El valor 'Prefiero no indicar' del campo 'genero' no esta entre las opciones disponibles en el formulario.
2026-08-25 09:00:45,904 [ERROR] Error inesperado procesando el registro 56594901
Traceback (most recent call last):
  File "D:\Universidad\Clases\D-CICLO-X-2026-2\CLASES\Data Science con Python\rpa_runner.py", line 121, in _process_record
    outcome = self._page.submit_and_verify(record.dni)
  File "D:\Universidad\Clases\D-CICLO-X-2026-2\CLASES\Data Science con Python\peoplesync_page.py", line 94, in submit_and_verify
    btn.click()
    ~~~~~~~~~^^
  File "C:\Users\USUARIO\AppData\Local\Programs\Python\Python314\Lib\site-packages\selenium\webdriver\remote\webelement.py", line 114, in click
    self._execute(Command.CLICK_ELEMENT)
    ~~~~~~~~~~~~~^^^^^^^^^^^^^^^^^^^^^^^
  File "C:\Users\USUARIO\AppData\Local\Programs\Python\Python314\Lib\site-packages\selenium\webdriver\remote\webelement.py", line 508, in _execute
    return self._parent.execute(command, params)
           ~~~~~~~~~~~~~~~~~~~~^^^^^^^^^^^^^^^^^
  File "C:\Users\USUARIO\AppData\Local\Programs\Python\Python314\Lib\site-packages\selenium\webdriver\remote\webdriver.py", line 504, in execute
    self.error_handler.check_response(response)
    ~~~~~~~~~~~~~~~~~~~~~~~~~~~~~~~~~^^^^^^^^^^
  File "C:\Users\USUARIO\AppData\Local\Programs\Python\Python314\Lib\site-packages\selenium\webdriver\remote\errorhandler.py", line 232, in check_response
    raise exception_class(message, screen, stacktrace)
selenium.common.exceptions.ElementClickInterceptedException: Message: element click intercepted: Element <button class="btn btn-primary" id="btn-registrar" onclick="registrar()">...</button> is not clickable at point (1751, 911). Other element would receive the click: <div class="status-bar">...</div>
  (Session info: chrome=151.0.7922.174); For documentation on this error, please visit: https://www.selenium.dev/documentation/webdriver/troubleshooting/errors#elementclickinterceptedexception
Stacktrace:
	chromedriver!GetHandleVerifier [0x7ff621b1abb5+151b5]
	chromedriver!GetHandleVerifier [0x7ff621b1ac10+15210]
	chromedriver!(No symbol) [0x7ff621645d6d]
	chromedriver!(No symbol) [0x7ff6216a90c5]
	chromedriver!(No symbol) [0x7ff6216a6cda]
	chromedriver!(No symbol) [0x7ff6216a4017]
	chromedriver!(No symbol) [0x7ff6216a2ec7]
	chromedriver!(No symbol) [0x7ff6216956f8]
	chromedriver!(No symbol) [0x7ff6216c9d0a]
	chromedriver!(No symbol) [0x7ff621694f76]
	chromedriver!(No symbol) [0x7ff6216eec0b]
	chromedriver!(No symbol) [0x7ff6216937cc]
	chromedriver!(No symbol) [0x7ff6216946f3]
	chromedriver!GetHandleVerifier [0x7ff62213b79b+635d9b]
	chromedriver!GetHandleVerifier [0x7ff622135ac6+6300c6]
	chromedriver!GetHandleVerifier [0x7ff62215bcee+6562ee]
	chromedriver!GetHandleVerifier [0x7ff621b38ffe+335fe]
	chromedriver!GetHandleVerifier [0x7ff621b4147c+3ba7c]
	chromedriver!GetHandleVerifier [0x7ff621b24d64+1f364]
	chromedriver!GetHandleVerifier [0x7ff621b24ef4+1f4f4]
	chromedriver!GetHandleVerifier [0x7ff621b07d97+2397]
	KERNEL32!BaseThreadInitThunk [0x7ff97a1f7374+14]
	ntdll!RtlUserThreadStart [0x7ff97ba9cc91+21]

2026-08-25 09:00:46,962 [ERROR] No se pudo limpiar el formulario tras un fallo; se continua de todas formas.
Traceback (most recent call last):
  File "D:\Universidad\Clases\D-CICLO-X-2026-2\CLASES\Data Science con Python\rpa_runner.py", line 121, in _process_record
    outcome = self._page.submit_and_verify(record.dni)
  File "D:\Universidad\Clases\D-CICLO-X-2026-2\CLASES\Data Science con Python\peoplesync_page.py", line 94, in submit_and_verify
    btn.click()
    ~~~~~~~~~^^
  File "C:\Users\USUARIO\AppData\Local\Programs\Python\Python314\Lib\site-packages\selenium\webdriver\remote\webelement.py", line 114, in click
    self._execute(Command.CLICK_ELEMENT)
    ~~~~~~~~~~~~~^^^^^^^^^^^^^^^^^^^^^^^
  File "C:\Users\USUARIO\AppData\Local\Programs\Python\Python314\Lib\site-packages\selenium\webdriver\remote\webelement.py", line 508, in _execute
    return self._parent.execute(command, params)
           ~~~~~~~~~~~~~~~~~~~~^^^^^^^^^^^^^^^^^
  File "C:\Users\USUARIO\AppData\Local\Programs\Python\Python314\Lib\site-packages\selenium\webdriver\remote\webdriver.py", line 504, in execute
    self.error_handler.check_response(response)
    ~~~~~~~~~~~~~~~~~~~~~~~~~~~~~~~~~^^^^^^^^^^
  File "C:\Users\USUARIO\AppData\Local\Programs\Python\Python314\Lib\site-packages\selenium\webdriver\remote\errorhandler.py", line 232, in check_response
    raise exception_class(message, screen, stacktrace)
selenium.common.exceptions.ElementClickInterceptedException: Message: element click intercepted: Element <button class="btn btn-primary" id="btn-registrar" onclick="registrar()">...</button> is not clickable at point (1751, 911). Other element would receive the click: <div class="status-bar">...</div>
  (Session info: chrome=151.0.7922.174); For documentation on this error, please visit: https://www.selenium.dev/documentation/webdriver/troubleshooting/errors#elementclickinterceptedexception
Stacktrace:
	chromedriver!GetHandleVerifier [0x7ff621b1abb5+151b5]
	chromedriver!GetHandleVerifier [0x7ff621b1ac10+15210]
	chromedriver!(No symbol) [0x7ff621645d6d]
	chromedriver!(No symbol) [0x7ff6216a90c5]
	chromedriver!(No symbol) [0x7ff6216a6cda]
	chromedriver!(No symbol) [0x7ff6216a4017]
	chromedriver!(No symbol) [0x7ff6216a2ec7]
	chromedriver!(No symbol) [0x7ff6216956f8]
	chromedriver!(No symbol) [0x7ff6216c9d0a]
	chromedriver!(No symbol) [0x7ff621694f76]
	chromedriver!(No symbol) [0x7ff6216eec0b]
	chromedriver!(No symbol) [0x7ff6216937cc]
	chromedriver!(No symbol) [0x7ff6216946f3]
	chromedriver!GetHandleVerifier [0x7ff62213b79b+635d9b]
	chromedriver!GetHandleVerifier [0x7ff622135ac6+6300c6]
	chromedriver!GetHandleVerifier [0x7ff62215bcee+6562ee]
	chromedriver!GetHandleVerifier [0x7ff621b38ffe+335fe]
	chromedriver!GetHandleVerifier [0x7ff621b4147c+3ba7c]
	chromedriver!GetHandleVerifier [0x7ff621b24d64+1f364]
	chromedriver!GetHandleVerifier [0x7ff621b24ef4+1f4f4]
	chromedriver!GetHandleVerifier [0x7ff621b07d97+2397]
	KERNEL32!BaseThreadInitThunk [0x7ff97a1f7374+14]
	ntdll!RtlUserThreadStart [0x7ff97ba9cc91+21]


During handling of the above exception, another exception occurred:

Traceback (most recent call last):
  File "D:\Universidad\Clases\D-CICLO-X-2026-2\CLASES\Data Science con Python\rpa_runner.py", line 139, in _safe_reset
    self._page.reset_form()
    ~~~~~~~~~~~~~~~~~~~~~^^
  File "D:\Universidad\Clases\D-CICLO-X-2026-2\CLASES\Data Science con Python\peoplesync_page.py", line 145, in reset_form
    btn.click()
    ~~~~~~~~~^^
  File "C:\Users\USUARIO\AppData\Local\Programs\Python\Python314\Lib\site-packages\selenium\webdriver\remote\webelement.py", line 114, in click
    self._execute(Command.CLICK_ELEMENT)
    ~~~~~~~~~~~~~^^^^^^^^^^^^^^^^^^^^^^^
  File "C:\Users\USUARIO\AppData\Local\Programs\Python\Python314\Lib\site-packages\selenium\webdriver\remote\webelement.py", line 508, in _execute
    return self._parent.execute(command, params)
           ~~~~~~~~~~~~~~~~~~~~^^^^^^^^^^^^^^^^^
  File "C:\Users\USUARIO\AppData\Local\Programs\Python\Python314\Lib\site-packages\selenium\webdriver\remote\webdriver.py", line 504, in execute
    self.error_handler.check_response(response)
    ~~~~~~~~~~~~~~~~~~~~~~~~~~~~~~~~~^^^^^^^^^^
  File "C:\Users\USUARIO\AppData\Local\Programs\Python\Python314\Lib\site-packages\selenium\webdriver\remote\errorhandler.py", line 232, in check_response
    raise exception_class(message, screen, stacktrace)
selenium.common.exceptions.ElementClickInterceptedException: Message: element click intercepted: Element <button class="btn btn-secondary" onclick="limpiarFormulario()">...</button> is not clickable at point (1611, 911). Other element would receive the click: <div class="status-bar">...</div>
  (Session info: chrome=151.0.7922.174); For documentation on this error, please visit: https://www.selenium.dev/documentation/webdriver/troubleshooting/errors#elementclickinterceptedexception
Stacktrace:
	chromedriver!GetHandleVerifier [0x7ff621b1abb5+151b5]
	chromedriver!GetHandleVerifier [0x7ff621b1ac10+15210]
	chromedriver!(No symbol) [0x7ff621645d6d]
	chromedriver!(No symbol) [0x7ff6216a90c5]
	chromedriver!(No symbol) [0x7ff6216a6cda]
	chromedriver!(No symbol) [0x7ff6216a4017]
	chromedriver!(No symbol) [0x7ff6216a2ec7]
	chromedriver!(No symbol) [0x7ff6216956f8]
	chromedriver!(No symbol) [0x7ff6216c9d0a]
	chromedriver!(No symbol) [0x7ff621694f76]
	chromedriver!(No symbol) [0x7ff6216eec0b]
	chromedriver!(No symbol) [0x7ff6216937cc]
	chromedriver!(No symbol) [0x7ff6216946f3]
	chromedriver!GetHandleVerifier [0x7ff62213b79b+635d9b]
	chromedriver!GetHandleVerifier [0x7ff622135ac6+6300c6]
	chromedriver!GetHandleVerifier [0x7ff62215bcee+6562ee]
	chromedriver!GetHandleVerifier [0x7ff621b38ffe+335fe]
	chromedriver!GetHandleVerifier [0x7ff621b4147c+3ba7c]
	chromedriver!GetHandleVerifier [0x7ff621b24d64+1f364]
	chromedriver!GetHandleVerifier [0x7ff621b24ef4+1f4f4]
	chromedriver!GetHandleVerifier [0x7ff621b07d97+2397]
	KERNEL32!BaseThreadInitThunk [0x7ff97a1f7374+14]
	ntdll!RtlUserThreadStart [0x7ff97ba9cc91+21]

2026-08-25 09:00:48,303 [ERROR] Error inesperado procesando el registro 64756136
Traceback (most recent call last):
  File "D:\Universidad\Clases\D-CICLO-X-2026-2\CLASES\Data Science con Python\rpa_runner.py", line 121, in _process_record
    outcome = self._page.submit_and_verify(record.dni)
  File "D:\Universidad\Clases\D-CICLO-X-2026-2\CLASES\Data Science con Python\peoplesync_page.py", line 94, in submit_and_verify
    btn.click()
    ~~~~~~~~~^^
  File "C:\Users\USUARIO\AppData\Local\Programs\Python\Python314\Lib\site-packages\selenium\webdriver\remote\webelement.py", line 114, in click
    self._execute(Command.CLICK_ELEMENT)
    ~~~~~~~~~~~~~^^^^^^^^^^^^^^^^^^^^^^^
  File "C:\Users\USUARIO\AppData\Local\Programs\Python\Python314\Lib\site-packages\selenium\webdriver\remote\webelement.py", line 508, in _execute
    return self._parent.execute(command, params)
           ~~~~~~~~~~~~~~~~~~~~^^^^^^^^^^^^^^^^^
  File "C:\Users\USUARIO\AppData\Local\Programs\Python\Python314\Lib\site-packages\selenium\webdriver\remote\webdriver.py", line 504, in execute
    self.error_handler.check_response(response)
    ~~~~~~~~~~~~~~~~~~~~~~~~~~~~~~~~~^^^^^^^^^^
  File "C:\Users\USUARIO\AppData\Local\Programs\Python\Python314\Lib\site-packages\selenium\webdriver\remote\errorhandler.py", line 232, in check_response
    raise exception_class(message, screen, stacktrace)
selenium.common.exceptions.ElementClickInterceptedException: Message: element click intercepted: Element <button class="btn btn-primary" id="btn-registrar" onclick="registrar()">...</button> is not clickable at point (1751, 911). Other element would receive the click: <div class="status-bar">...</div>
  (Session info: chrome=151.0.7922.174); For documentation on this error, please visit: https://www.selenium.dev/documentation/webdriver/troubleshooting/errors#elementclickinterceptedexception
Stacktrace:
	chromedriver!GetHandleVerifier [0x7ff621b1abb5+151b5]
	chromedriver!GetHandleVerifier [0x7ff621b1ac10+15210]
	chromedriver!(No symbol) [0x7ff621645d6d]
	chromedriver!(No symbol) [0x7ff6216a90c5]
	chromedriver!(No symbol) [0x7ff6216a6cda]
	chromedriver!(No symbol) [0x7ff6216a4017]
	chromedriver!(No symbol) [0x7ff6216a2ec7]
	chromedriver!(No symbol) [0x7ff6216956f8]
	chromedriver!(No symbol) [0x7ff6216c9d0a]
	chromedriver!(No symbol) [0x7ff621694f76]
	chromedriver!(No symbol) [0x7ff6216eec0b]
	chromedriver!(No symbol) [0x7ff6216937cc]
	chromedriver!(No symbol) [0x7ff6216946f3]
	chromedriver!GetHandleVerifier [0x7ff62213b79b+635d9b]
	chromedriver!GetHandleVerifier [0x7ff622135ac6+6300c6]
	chromedriver!GetHandleVerifier [0x7ff62215bcee+6562ee]
	chromedriver!GetHandleVerifier [0x7ff621b38ffe+335fe]
	chromedriver!GetHandleVerifier [0x7ff621b4147c+3ba7c]
	chromedriver!GetHandleVerifier [0x7ff621b24d64+1f364]
	chromedriver!GetHandleVerifier [0x7ff621b24ef4+1f4f4]
	chromedriver!GetHandleVerifier [0x7ff621b07d97+2397]
	KERNEL32!BaseThreadInitThunk [0x7ff97a1f7374+14]
	ntdll!RtlUserThreadStart [0x7ff97ba9cc91+21]

2026-08-25 09:00:49,381 [ERROR] No se pudo limpiar el formulario tras un fallo; se continua de todas formas.
Traceback (most recent call last):
  File "D:\Universidad\Clases\D-CICLO-X-2026-2\CLASES\Data Science con Python\rpa_runner.py", line 121, in _process_record
    outcome = self._page.submit_and_verify(record.dni)
  File "D:\Universidad\Clases\D-CICLO-X-2026-2\CLASES\Data Science con Python\peoplesync_page.py", line 94, in submit_and_verify
    btn.click()
    ~~~~~~~~~^^
  File "C:\Users\USUARIO\AppData\Local\Programs\Python\Python314\Lib\site-packages\selenium\webdriver\remote\webelement.py", line 114, in click
    self._execute(Command.CLICK_ELEMENT)
    ~~~~~~~~~~~~~^^^^^^^^^^^^^^^^^^^^^^^
  File "C:\Users\USUARIO\AppData\Local\Programs\Python\Python314\Lib\site-packages\selenium\webdriver\remote\webelement.py", line 508, in _execute
    return self._parent.execute(command, params)
           ~~~~~~~~~~~~~~~~~~~~^^^^^^^^^^^^^^^^^
  File "C:\Users\USUARIO\AppData\Local\Programs\Python\Python314\Lib\site-packages\selenium\webdriver\remote\webdriver.py", line 504, in execute
    self.error_handler.check_response(response)
    ~~~~~~~~~~~~~~~~~~~~~~~~~~~~~~~~~^^^^^^^^^^
  File "C:\Users\USUARIO\AppData\Local\Programs\Python\Python314\Lib\site-packages\selenium\webdriver\remote\errorhandler.py", line 232, in check_response
    raise exception_class(message, screen, stacktrace)
selenium.common.exceptions.ElementClickInterceptedException: Message: element click intercepted: Element <button class="btn btn-primary" id="btn-registrar" onclick="registrar()">...</button> is not clickable at point (1751, 911). Other element would receive the click: <div class="status-bar">...</div>
  (Session info: chrome=151.0.7922.174); For documentation on this error, please visit: https://www.selenium.dev/documentation/webdriver/troubleshooting/errors#elementclickinterceptedexception
Stacktrace:
	chromedriver!GetHandleVerifier [0x7ff621b1abb5+151b5]
	chromedriver!GetHandleVerifier [0x7ff621b1ac10+15210]
	chromedriver!(No symbol) [0x7ff621645d6d]
	chromedriver!(No symbol) [0x7ff6216a90c5]
	chromedriver!(No symbol) [0x7ff6216a6cda]
	chromedriver!(No symbol) [0x7ff6216a4017]
	chromedriver!(No symbol) [0x7ff6216a2ec7]
	chromedriver!(No symbol) [0x7ff6216956f8]
	chromedriver!(No symbol) [0x7ff6216c9d0a]
	chromedriver!(No symbol) [0x7ff621694f76]
	chromedriver!(No symbol) [0x7ff6216eec0b]
	chromedriver!(No symbol) [0x7ff6216937cc]
	chromedriver!(No symbol) [0x7ff6216946f3]
	chromedriver!GetHandleVerifier [0x7ff62213b79b+635d9b]
	chromedriver!GetHandleVerifier [0x7ff622135ac6+6300c6]
	chromedriver!GetHandleVerifier [0x7ff62215bcee+6562ee]
	chromedriver!GetHandleVerifier [0x7ff621b38ffe+335fe]
	chromedriver!GetHandleVerifier [0x7ff621b4147c+3ba7c]
	chromedriver!GetHandleVerifier [0x7ff621b24d64+1f364]
	chromedriver!GetHandleVerifier [0x7ff621b24ef4+1f4f4]
	chromedriver!GetHandleVerifier [0x7ff621b07d97+2397]
	KERNEL32!BaseThreadInitThunk [0x7ff97a1f7374+14]
	ntdll!RtlUserThreadStart [0x7ff97ba9cc91+21]


During handling of the above exception, another exception occurred:

Traceback (most recent call last):
  File "D:\Universidad\Clases\D-CICLO-X-2026-2\CLASES\Data Science con Python\rpa_runner.py", line 139, in _safe_reset
    self._page.reset_form()
    ~~~~~~~~~~~~~~~~~~~~~^^
  File "D:\Universidad\Clases\D-CICLO-X-2026-2\CLASES\Data Science con Python\peoplesync_page.py", line 145, in reset_form
    btn.click()
    ~~~~~~~~~^^
  File "C:\Users\USUARIO\AppData\Local\Programs\Python\Python314\Lib\site-packages\selenium\webdriver\remote\webelement.py", line 114, in click
    self._execute(Command.CLICK_ELEMENT)
    ~~~~~~~~~~~~~^^^^^^^^^^^^^^^^^^^^^^^
  File "C:\Users\USUARIO\AppData\Local\Programs\Python\Python314\Lib\site-packages\selenium\webdriver\remote\webelement.py", line 508, in _execute
    return self._parent.execute(command, params)
           ~~~~~~~~~~~~~~~~~~~~^^^^^^^^^^^^^^^^^
  File "C:\Users\USUARIO\AppData\Local\Programs\Python\Python314\Lib\site-packages\selenium\webdriver\remote\webdriver.py", line 504, in execute
    self.error_handler.check_response(response)
    ~~~~~~~~~~~~~~~~~~~~~~~~~~~~~~~~~^^^^^^^^^^
  File "C:\Users\USUARIO\AppData\Local\Programs\Python\Python314\Lib\site-packages\selenium\webdriver\remote\errorhandler.py", line 232, in check_response
    raise exception_class(message, screen, stacktrace)
selenium.common.exceptions.ElementClickInterceptedException: Message: element click intercepted: Element <button class="btn btn-secondary" onclick="limpiarFormulario()">...</button> is not clickable at point (1611, 911). Other element would receive the click: <div class="status-bar">...</div>
  (Session info: chrome=151.0.7922.174); For documentation on this error, please visit: https://www.selenium.dev/documentation/webdriver/troubleshooting/errors#elementclickinterceptedexception
Stacktrace:
	chromedriver!GetHandleVerifier [0x7ff621b1abb5+151b5]
	chromedriver!GetHandleVerifier [0x7ff621b1ac10+15210]
	chromedriver!(No symbol) [0x7ff621645d6d]
	chromedriver!(No symbol) [0x7ff6216a90c5]
	chromedriver!(No symbol) [0x7ff6216a6cda]
	chromedriver!(No symbol) [0x7ff6216a4017]
	chromedriver!(No symbol) [0x7ff6216a2ec7]
	chromedriver!(No symbol) [0x7ff6216956f8]
	chromedriver!(No symbol) [0x7ff6216c9d0a]
	chromedriver!(No symbol) [0x7ff621694f76]
	chromedriver!(No symbol) [0x7ff6216eec0b]
	chromedriver!(No symbol) [0x7ff6216937cc]
	chromedriver!(No symbol) [0x7ff6216946f3]
	chromedriver!GetHandleVerifier [0x7ff62213b79b+635d9b]
	chromedriver!GetHandleVerifier [0x7ff622135ac6+6300c6]
	chromedriver!GetHandleVerifier [0x7ff62215bcee+6562ee]
	chromedriver!GetHandleVerifier [0x7ff621b38ffe+335fe]
	chromedriver!GetHandleVerifier [0x7ff621b4147c+3ba7c]
	chromedriver!GetHandleVerifier [0x7ff621b24d64+1f364]
	chromedriver!GetHandleVerifier [0x7ff621b24ef4+1f4f4]
	chromedriver!GetHandleVerifier [0x7ff621b07d97+2397]
	KERNEL32!BaseThreadInitThunk [0x7ff97a1f7374+14]
	ntdll!RtlUserThreadStart [0x7ff97ba9cc91+21]

2026-08-25 09:00:51,603 [INFO] Reporte Excel generado en: D:\Universidad\Clases\D-CICLO-X-2026-2\CLASES\Data Science con Python\reporte_ejecucion_peoplesync.xlsx
2026-08-25 09:00:51,603 [INFO] Proceso finalizado. 0/50 registros cargados con exito.
2026-08-25 09:01:18,006 [INFO] Iniciando proceso RPA PeopleSync (headless=True).
2026-08-25 09:01:19,235 [INFO] Dataset cargado: 50 registros.
2026-08-25 09:01:19,235 [INFO] ====== WebDriver manager ======
2026-08-25 09:01:19,592 [INFO] Driver [C:\Users\USUARIO\.wdm\drivers\chromedriver\win64\151.0.7922.138\chromedriver-win64/chromedriver.exe] found in cache by browser version
2026-08-25 09:01:21,333 [INFO] Vocabulario del formulario cargado: {'genero': 2, 'area': 10, 'puesto': 19, 'contrato': 6, 'sede': 9, 'modalidad': 3}
2026-08-25 09:01:21,769 [INFO] Registro 49364231 cargado con exito (total acumulado: 1).
2026-08-25 09:01:22,190 [INFO] Registro 53343768 cargado con exito (total acumulado: 2).
2026-08-25 09:01:22,595 [INFO] Registro 50434052 cargado con exito (total acumulado: 3).
2026-08-25 09:01:22,595 [WARNING] Registro 48376941 omitido (incompatible con el formulario): El valor 'No binario' del campo 'genero' no esta entre las opciones disponibles en el formulario.
2026-08-25 09:01:22,982 [INFO] Registro 55622331 cargado con exito (total acumulado: 4).
2026-08-25 09:01:22,982 [WARNING] Registro 51484920 omitido (incompatible con el formulario): El valor 'No binario' del campo 'genero' no esta entre las opciones disponibles en el formulario.
2026-08-25 09:01:23,363 [INFO] Registro 42154210 cargado con exito (total acumulado: 5).
2026-08-25 09:01:23,707 [INFO] Registro 57775807 cargado con exito (total acumulado: 6).
2026-08-25 09:01:23,707 [WARNING] Registro 73119287 omitido (incompatible con el formulario): El valor 'No binario' del campo 'genero' no esta entre las opciones disponibles en el formulario.
2026-08-25 09:01:24,037 [INFO] Registro 56872115 cargado con exito (total acumulado: 7).
2026-08-25 09:01:24,037 [WARNING] Registro 57675739 omitido (incompatible con el formulario): El valor 'Prefiero no indicar' del campo 'genero' no esta entre las opciones disponibles en el formulario.
2026-08-25 09:01:24,383 [INFO] Registro 75591432 cargado con exito (total acumulado: 8).
2026-08-25 09:01:24,723 [INFO] Registro 72614267 cargado con exito (total acumulado: 9).
2026-08-25 09:01:24,723 [WARNING] Registro 54213536 omitido (incompatible con el formulario): El valor 'No binario' del campo 'genero' no esta entre las opciones disponibles en el formulario.
2026-08-25 09:01:24,723 [WARNING] Registro 44296705 omitido (incompatible con el formulario): El valor 'Prefiero no indicar' del campo 'genero' no esta entre las opciones disponibles en el formulario.
2026-08-25 09:01:25,089 [INFO] Registro 74504433 cargado con exito (total acumulado: 10).
2026-08-25 09:01:25,089 [WARNING] Registro 52778193 omitido (incompatible con el formulario): El valor 'Prefiero no indicar' del campo 'genero' no esta entre las opciones disponibles en el formulario.
2026-08-25 09:01:25,446 [INFO] Registro 56687044 cargado con exito (total acumulado: 11).
2026-08-25 09:01:25,446 [WARNING] Registro 76931706 omitido (incompatible con el formulario): El valor 'Prefiero no indicar' del campo 'genero' no esta entre las opciones disponibles en el formulario.
2026-08-25 09:01:25,446 [WARNING] Registro 43934955 omitido (incompatible con el formulario): El valor 'Prefiero no indicar' del campo 'genero' no esta entre las opciones disponibles en el formulario.
2026-08-25 09:01:25,446 [WARNING] Registro 54609659 omitido (incompatible con el formulario): El valor 'Prefiero no indicar' del campo 'genero' no esta entre las opciones disponibles en el formulario.
2026-08-25 09:01:25,446 [WARNING] Registro 43817123 omitido (incompatible con el formulario): El valor 'Prefiero no indicar' del campo 'genero' no esta entre las opciones disponibles en el formulario.
2026-08-25 09:01:25,447 [WARNING] Registro 78850600 omitido (incompatible con el formulario): El valor 'Prefiero no indicar' del campo 'genero' no esta entre las opciones disponibles en el formulario.
2026-08-25 09:01:25,790 [INFO] Registro 70683821 cargado con exito (total acumulado: 12).
2026-08-25 09:01:26,149 [INFO] Registro 64798543 cargado con exito (total acumulado: 13).
2026-08-25 09:01:26,496 [INFO] Registro 47746286 cargado con exito (total acumulado: 14).
2026-08-25 09:01:26,848 [INFO] Registro 46194045 cargado con exito (total acumulado: 15).
2026-08-25 09:01:26,848 [WARNING] Registro 68701583 omitido (incompatible con el formulario): El valor 'No binario' del campo 'genero' no esta entre las opciones disponibles en el formulario.
2026-08-25 09:01:26,848 [WARNING] Registro 68842498 omitido (incompatible con el formulario): El valor 'No binario' del campo 'genero' no esta entre las opciones disponibles en el formulario.
2026-08-25 09:01:27,195 [INFO] Registro 50371898 cargado con exito (total acumulado: 16).
2026-08-25 09:01:27,195 [WARNING] Registro 47254174 omitido (incompatible con el formulario): El valor 'Prefiero no indicar' del campo 'genero' no esta entre las opciones disponibles en el formulario.
2026-08-25 09:01:27,537 [INFO] Registro 58696734 cargado con exito (total acumulado: 17).
2026-08-25 09:01:27,538 [WARNING] Registro 51983483 omitido (incompatible con el formulario): El valor 'No binario' del campo 'genero' no esta entre las opciones disponibles en el formulario.
2026-08-25 09:01:27,538 [WARNING] Registro 65850027 omitido (incompatible con el formulario): El valor 'Prefiero no indicar' del campo 'genero' no esta entre las opciones disponibles en el formulario.
2026-08-25 09:01:27,875 [INFO] Registro 61066522 cargado con exito (total acumulado: 18).
2026-08-25 09:01:27,875 [WARNING] Registro 68215675 omitido (incompatible con el formulario): El valor 'No binario' del campo 'genero' no esta entre las opciones disponibles en el formulario.
2026-08-25 09:01:27,875 [WARNING] Registro 78922119 omitido (incompatible con el formulario): El valor 'No binario' del campo 'genero' no esta entre las opciones disponibles en el formulario.
2026-08-25 09:01:27,875 [WARNING] Registro 74591398 omitido (incompatible con el formulario): El valor 'Prefiero no indicar' del campo 'genero' no esta entre las opciones disponibles en el formulario.
2026-08-25 09:01:28,217 [INFO] Registro 44887419 cargado con exito (total acumulado: 19).
2026-08-25 09:01:28,572 [INFO] Registro 68531078 cargado con exito (total acumulado: 20).
2026-08-25 09:01:28,572 [WARNING] Registro 77508841 omitido (incompatible con el formulario): El valor 'Prefiero no indicar' del campo 'genero' no esta entre las opciones disponibles en el formulario.
2026-08-25 09:01:28,572 [WARNING] Registro 58610049 omitido (incompatible con el formulario): El valor 'Prefiero no indicar' del campo 'genero' no esta entre las opciones disponibles en el formulario.
2026-08-25 09:01:28,914 [INFO] Registro 49286126 cargado con exito (total acumulado: 21).
2026-08-25 09:01:28,914 [WARNING] Registro 67902136 omitido (incompatible con el formulario): El valor 'Prefiero no indicar' del campo 'genero' no esta entre las opciones disponibles en el formulario.
2026-08-25 09:01:28,914 [WARNING] Registro 66171560 omitido (incompatible con el formulario): El valor 'Prefiero no indicar' del campo 'genero' no esta entre las opciones disponibles en el formulario.
2026-08-25 09:01:28,914 [WARNING] Registro 66095765 omitido (incompatible con el formulario): El valor 'No binario' del campo 'genero' no esta entre las opciones disponibles en el formulario.
2026-08-25 09:01:29,263 [INFO] Registro 68763716 cargado con exito (total acumulado: 22).
2026-08-25 09:01:29,263 [WARNING] Registro 58673485 omitido (incompatible con el formulario): El valor 'Prefiero no indicar' del campo 'genero' no esta entre las opciones disponibles en el formulario.
2026-08-25 09:01:29,602 [INFO] Registro 56594901 cargado con exito (total acumulado: 23).
2026-08-25 09:01:29,939 [INFO] Registro 64756136 cargado con exito (total acumulado: 24).
2026-08-25 09:01:32,104 [INFO] Reporte Excel generado en: D:\Universidad\Clases\D-CICLO-X-2026-2\CLASES\Data Science con Python\reporte_ejecucion_peoplesync.xlsx
2026-08-25 09:01:32,104 [INFO] Proceso finalizado. 24/50 registros cargados con exito.
2026-08-25 22:55:24,654 [INFO] Iniciando proceso RPA PeopleSync (headless=True).
2026-08-25 22:55:25,756 [INFO] Dataset cargado: 50 registros.
2026-08-25 22:55:25,756 [INFO] ====== WebDriver manager ======
2026-08-25 22:55:26,153 [INFO] Driver [C:\Users\USUARIO\.wdm\drivers\chromedriver\win64\151.0.7922.138\chromedriver-win64/chromedriver.exe] found in cache by browser version
2026-08-25 22:55:29,230 [INFO] Vocabulario del formulario cargado: {'genero': 2, 'area': 10, 'puesto': 19, 'contrato': 6, 'sede': 9, 'modalidad': 3}
2026-08-25 22:55:29,598 [INFO] Registro 49364231 cargado con exito (total acumulado: 1).
2026-08-25 22:55:29,946 [INFO] Registro 53343768 cargado con exito (total acumulado: 2).
2026-08-25 22:55:30,296 [INFO] Registro 50434052 cargado con exito (total acumulado: 3).
2026-08-25 22:55:30,296 [WARNING] Registro 48376941 omitido (incompatible con el formulario): El valor 'No binario' del campo 'genero' no esta entre las opciones disponibles en el formulario.
2026-08-25 22:55:30,611 [INFO] Registro 55622331 cargado con exito (total acumulado: 4).
2026-08-25 22:55:30,612 [WARNING] Registro 51484920 omitido (incompatible con el formulario): El valor 'No binario' del campo 'genero' no esta entre las opciones disponibles en el formulario.
2026-08-25 22:55:30,928 [INFO] Registro 42154210 cargado con exito (total acumulado: 5).
2026-08-25 22:55:31,238 [INFO] Registro 57775807 cargado con exito (total acumulado: 6).
2026-08-25 22:55:31,238 [WARNING] Registro 73119287 omitido (incompatible con el formulario): El valor 'No binario' del campo 'genero' no esta entre las opciones disponibles en el formulario.
2026-08-25 22:55:31,548 [INFO] Registro 56872115 cargado con exito (total acumulado: 7).
2026-08-25 22:55:31,548 [WARNING] Registro 57675739 omitido (incompatible con el formulario): El valor 'Prefiero no indicar' del campo 'genero' no esta entre las opciones disponibles en el formulario.
2026-08-25 22:55:31,862 [INFO] Registro 75591432 cargado con exito (total acumulado: 8).
2026-08-25 22:55:32,172 [INFO] Registro 72614267 cargado con exito (total acumulado: 9).
2026-08-25 22:55:32,172 [WARNING] Registro 54213536 omitido (incompatible con el formulario): El valor 'No binario' del campo 'genero' no esta entre las opciones disponibles en el formulario.
2026-08-25 22:55:32,173 [WARNING] Registro 44296705 omitido (incompatible con el formulario): El valor 'Prefiero no indicar' del campo 'genero' no esta entre las opciones disponibles en el formulario.
2026-08-25 22:55:32,494 [INFO] Registro 74504433 cargado con exito (total acumulado: 10).
2026-08-25 22:55:32,494 [WARNING] Registro 52778193 omitido (incompatible con el formulario): El valor 'Prefiero no indicar' del campo 'genero' no esta entre las opciones disponibles en el formulario.
2026-08-25 22:55:32,811 [INFO] Registro 56687044 cargado con exito (total acumulado: 11).
2026-08-25 22:55:32,812 [WARNING] Registro 76931706 omitido (incompatible con el formulario): El valor 'Prefiero no indicar' del campo 'genero' no esta entre las opciones disponibles en el formulario.
2026-08-25 22:55:32,812 [WARNING] Registro 43934955 omitido (incompatible con el formulario): El valor 'Prefiero no indicar' del campo 'genero' no esta entre las opciones disponibles en el formulario.
2026-08-25 22:55:32,812 [WARNING] Registro 54609659 omitido (incompatible con el formulario): El valor 'Prefiero no indicar' del campo 'genero' no esta entre las opciones disponibles en el formulario.
2026-08-25 22:55:32,813 [WARNING] Registro 43817123 omitido (incompatible con el formulario): El valor 'Prefiero no indicar' del campo 'genero' no esta entre las opciones disponibles en el formulario.
2026-08-25 22:55:32,813 [WARNING] Registro 78850600 omitido (incompatible con el formulario): El valor 'Prefiero no indicar' del campo 'genero' no esta entre las opciones disponibles en el formulario.
2026-08-25 22:55:33,127 [INFO] Registro 70683821 cargado con exito (total acumulado: 12).
2026-08-25 22:55:33,448 [INFO] Registro 64798543 cargado con exito (total acumulado: 13).
2026-08-25 22:55:33,764 [INFO] Registro 47746286 cargado con exito (total acumulado: 14).
2026-08-25 22:55:34,085 [INFO] Registro 46194045 cargado con exito (total acumulado: 15).
2026-08-25 22:55:34,085 [WARNING] Registro 68701583 omitido (incompatible con el formulario): El valor 'No binario' del campo 'genero' no esta entre las opciones disponibles en el formulario.
2026-08-25 22:55:34,086 [WARNING] Registro 68842498 omitido (incompatible con el formulario): El valor 'No binario' del campo 'genero' no esta entre las opciones disponibles en el formulario.
2026-08-25 22:55:34,399 [INFO] Registro 50371898 cargado con exito (total acumulado: 16).
2026-08-25 22:55:34,399 [WARNING] Registro 47254174 omitido (incompatible con el formulario): El valor 'Prefiero no indicar' del campo 'genero' no esta entre las opciones disponibles en el formulario.
2026-08-25 22:55:34,725 [INFO] Registro 58696734 cargado con exito (total acumulado: 17).
2026-08-25 22:55:34,725 [WARNING] Registro 51983483 omitido (incompatible con el formulario): El valor 'No binario' del campo 'genero' no esta entre las opciones disponibles en el formulario.
2026-08-25 22:55:34,726 [WARNING] Registro 65850027 omitido (incompatible con el formulario): El valor 'Prefiero no indicar' del campo 'genero' no esta entre las opciones disponibles en el formulario.
2026-08-25 22:55:35,045 [INFO] Registro 61066522 cargado con exito (total acumulado: 18).
2026-08-25 22:55:35,046 [WARNING] Registro 68215675 omitido (incompatible con el formulario): El valor 'No binario' del campo 'genero' no esta entre las opciones disponibles en el formulario.
2026-08-25 22:55:35,046 [WARNING] Registro 78922119 omitido (incompatible con el formulario): El valor 'No binario' del campo 'genero' no esta entre las opciones disponibles en el formulario.
2026-08-25 22:55:35,047 [WARNING] Registro 74591398 omitido (incompatible con el formulario): El valor 'Prefiero no indicar' del campo 'genero' no esta entre las opciones disponibles en el formulario.
2026-08-25 22:55:35,369 [INFO] Registro 44887419 cargado con exito (total acumulado: 19).
2026-08-25 22:55:35,684 [INFO] Registro 68531078 cargado con exito (total acumulado: 20).
2026-08-25 22:55:35,684 [WARNING] Registro 77508841 omitido (incompatible con el formulario): El valor 'Prefiero no indicar' del campo 'genero' no esta entre las opciones disponibles en el formulario.
2026-08-25 22:55:35,685 [WARNING] Registro 58610049 omitido (incompatible con el formulario): El valor 'Prefiero no indicar' del campo 'genero' no esta entre las opciones disponibles en el formulario.
2026-08-25 22:55:36,006 [INFO] Registro 49286126 cargado con exito (total acumulado: 21).
2026-08-25 22:55:36,007 [WARNING] Registro 67902136 omitido (incompatible con el formulario): El valor 'Prefiero no indicar' del campo 'genero' no esta entre las opciones disponibles en el formulario.
2026-08-25 22:55:36,007 [WARNING] Registro 66171560 omitido (incompatible con el formulario): El valor 'Prefiero no indicar' del campo 'genero' no esta entre las opciones disponibles en el formulario.
2026-08-25 22:55:36,007 [WARNING] Registro 66095765 omitido (incompatible con el formulario): El valor 'No binario' del campo 'genero' no esta entre las opciones disponibles en el formulario.
2026-08-25 22:55:36,327 [INFO] Registro 68763716 cargado con exito (total acumulado: 22).
2026-08-25 22:55:36,327 [WARNING] Registro 58673485 omitido (incompatible con el formulario): El valor 'Prefiero no indicar' del campo 'genero' no esta entre las opciones disponibles en el formulario.
2026-08-25 22:55:36,647 [INFO] Registro 56594901 cargado con exito (total acumulado: 23).
2026-08-25 22:55:36,963 [INFO] Registro 64756136 cargado con exito (total acumulado: 24).
2026-08-25 22:55:39,140 [INFO] Reporte Excel generado en: D:\Universidad\Clases\D-CICLO-X-2026-2\CLASES\Data Science con Python\RPA_automation\reporte_ejecucion_peoplesync.xlsx
2026-08-25 22:55:39,141 [INFO] Proceso finalizado. 24/50 registros cargados con exito.
2026-08-25 22:56:34,952 [INFO] Iniciando proceso RPA PeopleSync (headless=True).
2026-08-25 22:56:35,639 [INFO] Dataset cargado: 50 registros.
2026-08-25 22:56:35,640 [INFO] ====== WebDriver manager ======
2026-08-25 22:56:36,004 [INFO] Driver [C:\Users\USUARIO\.wdm\drivers\chromedriver\win64\151.0.7922.138\chromedriver-win64/chromedriver.exe] found in cache by browser version
2026-08-25 22:56:38,304 [INFO] Vocabulario del formulario cargado: {'genero': 2, 'area': 10, 'puesto': 19, 'contrato': 6, 'sede': 9, 'modalidad': 3}
2026-08-25 22:56:38,677 [INFO] Registro 49364231 cargado con exito (total acumulado: 1).
2026-08-25 22:56:39,037 [INFO] Registro 53343768 cargado con exito (total acumulado: 2).
2026-08-25 22:56:39,403 [INFO] Registro 50434052 cargado con exito (total acumulado: 3).
2026-08-25 22:56:39,403 [WARNING] Registro 48376941 omitido (incompatible con el formulario): El valor 'No binario' del campo 'genero' no esta entre las opciones disponibles en el formulario.
2026-08-25 22:56:39,742 [INFO] Registro 55622331 cargado con exito (total acumulado: 4).
2026-08-25 22:56:39,742 [WARNING] Registro 51484920 omitido (incompatible con el formulario): El valor 'No binario' del campo 'genero' no esta entre las opciones disponibles en el formulario.
2026-08-25 22:56:40,067 [INFO] Registro 42154210 cargado con exito (total acumulado: 5).
2026-08-25 22:56:40,385 [INFO] Registro 57775807 cargado con exito (total acumulado: 6).
2026-08-25 22:56:40,386 [WARNING] Registro 73119287 omitido (incompatible con el formulario): El valor 'No binario' del campo 'genero' no esta entre las opciones disponibles en el formulario.
2026-08-25 22:56:40,689 [INFO] Registro 56872115 cargado con exito (total acumulado: 7).
2026-08-25 22:56:40,689 [WARNING] Registro 57675739 omitido (incompatible con el formulario): El valor 'Prefiero no indicar' del campo 'genero' no esta entre las opciones disponibles en el formulario.
2026-08-25 22:56:41,007 [INFO] Registro 75591432 cargado con exito (total acumulado: 8).
2026-08-25 22:56:41,319 [INFO] Registro 72614267 cargado con exito (total acumulado: 9).
2026-08-25 22:56:41,319 [WARNING] Registro 54213536 omitido (incompatible con el formulario): El valor 'No binario' del campo 'genero' no esta entre las opciones disponibles en el formulario.
2026-08-25 22:56:41,320 [WARNING] Registro 44296705 omitido (incompatible con el formulario): El valor 'Prefiero no indicar' del campo 'genero' no esta entre las opciones disponibles en el formulario.
2026-08-25 22:56:41,639 [INFO] Registro 74504433 cargado con exito (total acumulado: 10).
2026-08-25 22:56:41,639 [WARNING] Registro 52778193 omitido (incompatible con el formulario): El valor 'Prefiero no indicar' del campo 'genero' no esta entre las opciones disponibles en el formulario.
2026-08-25 22:56:41,956 [INFO] Registro 56687044 cargado con exito (total acumulado: 11).
2026-08-25 22:56:41,956 [WARNING] Registro 76931706 omitido (incompatible con el formulario): El valor 'Prefiero no indicar' del campo 'genero' no esta entre las opciones disponibles en el formulario.
2026-08-25 22:56:41,956 [WARNING] Registro 43934955 omitido (incompatible con el formulario): El valor 'Prefiero no indicar' del campo 'genero' no esta entre las opciones disponibles en el formulario.
2026-08-25 22:56:41,957 [WARNING] Registro 54609659 omitido (incompatible con el formulario): El valor 'Prefiero no indicar' del campo 'genero' no esta entre las opciones disponibles en el formulario.
2026-08-25 22:56:41,957 [WARNING] Registro 43817123 omitido (incompatible con el formulario): El valor 'Prefiero no indicar' del campo 'genero' no esta entre las opciones disponibles en el formulario.
2026-08-25 22:56:41,957 [WARNING] Registro 78850600 omitido (incompatible con el formulario): El valor 'Prefiero no indicar' del campo 'genero' no esta entre las opciones disponibles en el formulario.
2026-08-25 22:56:42,291 [INFO] Registro 70683821 cargado con exito (total acumulado: 12).
2026-08-25 22:56:42,625 [INFO] Registro 64798543 cargado con exito (total acumulado: 13).
2026-08-25 22:56:42,960 [INFO] Registro 47746286 cargado con exito (total acumulado: 14).
2026-08-25 22:56:43,309 [INFO] Registro 46194045 cargado con exito (total acumulado: 15).
2026-08-25 22:56:43,309 [WARNING] Registro 68701583 omitido (incompatible con el formulario): El valor 'No binario' del campo 'genero' no esta entre las opciones disponibles en el formulario.
2026-08-25 22:56:43,309 [WARNING] Registro 68842498 omitido (incompatible con el formulario): El valor 'No binario' del campo 'genero' no esta entre las opciones disponibles en el formulario.
2026-08-25 22:56:43,655 [INFO] Registro 50371898 cargado con exito (total acumulado: 16).
2026-08-25 22:56:43,656 [WARNING] Registro 47254174 omitido (incompatible con el formulario): El valor 'Prefiero no indicar' del campo 'genero' no esta entre las opciones disponibles en el formulario.
2026-08-25 22:56:43,990 [INFO] Registro 58696734 cargado con exito (total acumulado: 17).
2026-08-25 22:56:43,990 [WARNING] Registro 51983483 omitido (incompatible con el formulario): El valor 'No binario' del campo 'genero' no esta entre las opciones disponibles en el formulario.
2026-08-25 22:56:43,992 [WARNING] Registro 65850027 omitido (incompatible con el formulario): El valor 'Prefiero no indicar' del campo 'genero' no esta entre las opciones disponibles en el formulario.
2026-08-25 22:56:44,337 [INFO] Registro 61066522 cargado con exito (total acumulado: 18).
2026-08-25 22:56:44,337 [WARNING] Registro 68215675 omitido (incompatible con el formulario): El valor 'No binario' del campo 'genero' no esta entre las opciones disponibles en el formulario.
2026-08-25 22:56:44,338 [WARNING] Registro 78922119 omitido (incompatible con el formulario): El valor 'No binario' del campo 'genero' no esta entre las opciones disponibles en el formulario.
2026-08-25 22:56:44,338 [WARNING] Registro 74591398 omitido (incompatible con el formulario): El valor 'Prefiero no indicar' del campo 'genero' no esta entre las opciones disponibles en el formulario.
2026-08-25 22:56:44,665 [INFO] Registro 44887419 cargado con exito (total acumulado: 19).
2026-08-25 22:56:45,004 [INFO] Registro 68531078 cargado con exito (total acumulado: 20).
2026-08-25 22:56:45,005 [WARNING] Registro 77508841 omitido (incompatible con el formulario): El valor 'Prefiero no indicar' del campo 'genero' no esta entre las opciones disponibles en el formulario.
2026-08-25 22:56:45,006 [WARNING] Registro 58610049 omitido (incompatible con el formulario): El valor 'Prefiero no indicar' del campo 'genero' no esta entre las opciones disponibles en el formulario.
2026-08-25 22:56:45,326 [INFO] Registro 49286126 cargado con exito (total acumulado: 21).
2026-08-25 22:56:45,327 [WARNING] Registro 67902136 omitido (incompatible con el formulario): El valor 'Prefiero no indicar' del campo 'genero' no esta entre las opciones disponibles en el formulario.
2026-08-25 22:56:45,327 [WARNING] Registro 66171560 omitido (incompatible con el formulario): El valor 'Prefiero no indicar' del campo 'genero' no esta entre las opciones disponibles en el formulario.
2026-08-25 22:56:45,327 [WARNING] Registro 66095765 omitido (incompatible con el formulario): El valor 'No binario' del campo 'genero' no esta entre las opciones disponibles en el formulario.
2026-08-25 22:56:45,676 [INFO] Registro 68763716 cargado con exito (total acumulado: 22).
2026-08-25 22:56:45,676 [WARNING] Registro 58673485 omitido (incompatible con el formulario): El valor 'Prefiero no indicar' del campo 'genero' no esta entre las opciones disponibles en el formulario.
2026-08-25 22:56:46,002 [INFO] Registro 56594901 cargado con exito (total acumulado: 23).
2026-08-25 22:56:46,332 [INFO] Registro 64756136 cargado con exito (total acumulado: 24).
2026-08-25 22:56:48,467 [INFO] Reporte Excel generado en: D:\Universidad\Clases\D-CICLO-X-2026-2\CLASES\Data Science con Python\RPA_automation\reporte_ejecucion_peoplesync.xlsx
2026-08-25 22:56:48,467 [INFO] Proceso finalizado. 24/50 registros cargados con exito.
